Actual CPI,Forecast CPI
85.2,83.70902043226728
83.8,82.48794588774074
84.5,82.74250359888575
84.2,84.11924790319588
85.4,83.73960522680092
85.6,82.40559261139094
86.2,82.72033395008604
85.2,84.13650646072584
84.4,84.1000171014684
85.1,83.52961085634982
87.0,84.11215341915397
85.0,84.27930056997033
86.4,84.09018431115322
86.9,84.05439656835364
85.6,84.19667551970718
80.5,84.37917830085254
76.5,83.85675048385998
80.8,83.80750231992234
78.4,83.6830207776062
79.0,83.29101755477535
80.9,83.23897111142728
78.4,83.06461595497625
80.7,82.99589873018877
82.8,82.92025646985228
81.4,82.77745013558027
82.5,82.74215879581827
80.7,82.48891541189074
81.7,82.25190566952784
82.5,82.17051483313185
84.4,82.09676561476184
86.5,81.98975916576481
85.3,81.79884469870372
84.5,81.7357488531001
84.7,81.703664643393
84.6,81.60581204187093
84.9,81.50608889070936
85.5,81.45308781148138
87.1,81.42136926924726
87.2,81.3340970662627
88.9,81.27829920493679
88.5,81.25193806855627
90.6,81.180083099082
89.1,81.10752393996952
92.6,81.0593890201725
93.2,81.03817635288888
93.6,81.00387885980548
94.0,80.95508158420499
93.6,80.93094825604757
93.4,80.8961038324965
97.8,80.85718615633719
99.0,80.83206517839126
100.0,80.80844924650745
98.1,80.77879444930302
99.9,80.74622790582558
100.2,80.73004440397241
103.5,80.71873858765376
104.5,80.69576639174753
104.7,80.67242249426381
104.4,80.65810759941816
104.5,80.64776498729299
104.3,80.63391091040477
105.5,80.62173741604147
106.2,80.61364057795392
105.4,80.6025534633669
106.3,80.59104691082551
106.1,80.58361127605028
105.7,80.57918844128278
103.5,80.5720279423733
100.6,80.56344910335469
99.3,80.55922468166091
100.3,80.5562981944831
100.0,80.55164825892926
101.1,80.54701374672922
101.5,80.543495634701
102.1,80.54026311069208
101.6,80.5368839856558
103.3,80.53502974697012
104.2,80.53381013345644
103.9,80.53109772452558
103.1,80.52832615877125
103.5,80.52716154867973
103.3,80.52657489367255
103.9,80.52511941498427
102.7,80.52356481372595
82.3,80.52285245085992
82.1,80.52226331479659
82.5,80.52148539825313
84.6,80.52099560369925
86.8,80.52072902257967
87.4,80.52013314042685
88.6,80.51952040722595
88.6,80.51953167361523
88.5,80.51971564587583
88.7,80.51948176097389
88.9,80.5191510719935
89.1,80.51914175660738
91.5,80.51928506156167
92.6,80.51929837596418
93.8,80.51933221634062
94.1,80.51945090253301
94.1,80.51948833093857
94.9,80.51953157413567
94.6,80.51973850234884
95.1,80.51996097454236
95.1,80.52001509942836
95.7,80.5200441760777
97.2,80.5202317575915
98.0,80.52046173991275
97.6,80.5205962804492
98.2,80.52070241379451
98.5,80.52084799385776
98.9,80.5209860913942
98.6,80.52111305672622
98.6,80.52127865163119
99.8,80.52144049356593
99.8,80.52153982132933
100.0,80.5216318965139
100.0,80.52177838745759
100.0,80.521932420609
99.1,80.52203463998248
99.5,80.52211870029424
99.7,80.52222600285259
99.6,80.52233708947074
99.3,80.52243520344987
100.0,80.52253177332786
100.8,80.52262196094773
100.9,80.52269315618953
102.7,80.52276276726491
102.6,80.5228493775794
51.6,80.52293250426114
52.1,80.52299168891726
52.0,80.52304327810883
52.2,80.52310547977103
52.9,80.52316850109666
51.8,80.52322090151421
52.3,80.52326804060861
53.1,80.52331359202756
53.9,80.52335431369417
54.2,80.52339370923039
55.9,80.52343606105842
56.4,80.52347454517495
56.8,80.5235031811653
57.3,80.52352938936684
56.9,80.52356021526101
57.3,80.52359054042344
57.7,80.52361467218925
57.7,80.5236354476515
57.8,80.52365627164097
58.2,80.52367611378556
58.6,80.52369456063154
58.8,80.52371255077297
60.9,80.52372847363853
62.7,80.5237411041003
63.0,80.52375318472173
63.7,80.52376676556962
63.8,80.52377943054984
63.9,80.52378902277349
64.9,80.5237972291083
64.2,80.5238059237553
64.1,80.52381443269157
64.3,80.52382191557987
64.7,80.52382864001146
64.8,80.52383457115644
66.3,80.52383955554413
67.3,80.52384439749235
68.1,80.52384957148851
68.3,80.5238541311924
68.2,80.52385742990542
68.5,80.52386032129483
69.5,80.52386357123046
70.1,80.52386672652258
69.8,80.52386924882018
70.2,80.5238713339769
69.8,80.52387323311748
70.1,80.52387494738139
70.9,80.5238765982401
71.1,80.52387824070453
71.5,80.52387957890389
72.2,80.52388048351217
73.0,80.52388131875418
72.0,80.52388233165907
72.8,80.52388326755938
73.8,80.52388389360695
76.1,80.52388435363514
76.6,80.52388482567179
76.6,80.52388528668195
76.0,80.52388569448026
76.8,80.52388604559509
77.8,80.52388628592297
78.0,80.52388641363433
78.6,80.52388655513107
77.8,80.52388676508018
78.8,80.52388692498663
78.9,80.5238869569039
78.6,80.52388694815173
79.3,80.52388698267744
78.0,80.52388702864971
77.6,80.52388703814844
78.5,80.52388701425836
80.1,80.52388696634966
80.5,80.52388690482063
84.6,80.52388685987827
85.8,80.52388683461402
85.7,80.52388678490483
86.1,80.52388669387533
86.7,80.52388660417807
86.4,80.52388654511762
87.1,80.5238864920295
86.7,80.52388641904132
87.0,80.52388633449542
86.8,80.52388625346221
88.1,80.52388617929208
91.1,80.52388611317507
85.6,80.5238860510526
86.1,80.52388598077728
87.2,80.52388590197897
88.7,80.52388583144275
89.3,80.52388577603628
89.4,80.52388572206937
89.7,80.52388565965911
89.9,80.52388559622057
91.3,80.5238855404342
91.4,80.52388549110049
93.9,80.52388544420813
95.3,80.52388539774452
97.0,80.52388535029341
97.3,80.52388530367492
97.2,80.52388526288762
97.6,80.52388522818399
96.9,80.52388519357424
96.6,80.5238851564393
96.0,80.5238851211616
96.6,80.52388509116575
97.7,80.52388506439092
97.6,80.5238850379834
98.8,80.52388501177627
100.0,80.52388498669987
99.9,80.52388496366682
100.2,80.52388494345614
100.5,80.52388492528706
100.4,80.52388490711964
100.1,80.5238848887046
100.0,80.52388487204658
101.9,80.52388485805511
100.6,80.52388484526973
100.7,80.52388483240613
99.5,80.52388481988805
99.9,80.52388480854002
102.3,80.52388479851277
103.1,80.52388478954457
102.6,80.52388478116079
103.0,80.52388477289678
103.4,80.52388476495722
103.3,80.52388475804543
103.4,80.52388475222307
58.3,80.52388474674586
59.4,80.5238847412079
60.3,80.52388473599981
61.1,80.52388473151588
61.2,80.52388472763477
61.5,80.52388472405683
61.2,80.52388472062984
61.3,80.52388471735398
61.2,80.52388471437703
61.9,80.52388471186359
61.9,80.52388470971327
62.1,80.5238847076327
62.5,80.5238847055528
62.9,80.52388470369378
64.1,80.52388470218112
64.4,80.52388470087848
64.9,80.52388469962673
64.9,80.5238846984195
66.6,80.52388469732699
64.1,80.52388469640019
65.4,80.5238846956383
64.9,80.52388469496819
65.4,80.52388469430434
65.7,80.52388469366308
65.6,80.52388469313665
65.6,80.5238846927436
65.3,80.52388469240091
68.3,80.52388469205042
68.7,80.52388469172013
68.2,80.52388469145512
69.6,80.52388469125835
68.4,80.52388469110291
68.2,80.52388469095881
70.2,80.5238846908138
69.3,80.52388469068813
70.8,80.52388469061006
71.7,80.52388469057107
72.4,80.52388469053382
74.1,80.52388469048519
73.2,80.52388469044784
74.9,80.5238846904398
74.9,80.52388469045171
76.1,80.52388469046572
75.1,80.52388469047517
76.8,80.52388469048506
75.7,80.52388469050513
75.8,80.52388469053984
76.5,80.5238846905805
76.4,80.52388469061447
76.7,80.52388469064238
78.0,80.52388469067587
79.4,80.52388469071937
80.0,80.52388469076499
80.3,80.52388469080519
81.3,80.52388469084109
80.4,80.52388469087786
82.6,80.52388469091822
70.9,80.52388469096061
70.9,80.52388469100069
70.9,80.52388469103585
69.5,80.52388469106862
68.3,80.52388469110345
68.0,80.5238846911402
68.5,80.5238846911747
68.1,80.52388469120493
68.3,80.52388469123304
69.5,80.52388469126157
70.0,80.52388469129056
69.8,80.52388469131824
70.7,80.5238846913433
70.8,80.52388469136596
71.7,80.52388469138776
72.5,80.5238846914099
72.5,80.5238846914315
72.7,80.52388469145099
72.6,80.52388469146821
74.7,80.52388469148462
74.7,80.52388469150108
75.1,80.52388469151697
76.7,80.52388469153146
77.8,80.52388469154442
77.3,80.52388469155646
78.2,80.52388469156817
78.7,80.52388469157957
79.2,80.5238846915902
79.7,80.52388469159965
81.0,80.52388469160815
82.5,80.52388469161632
85.3,80.52388469162439
85.5,80.52388469163185
85.9,80.52388469163847
86.5,80.52388469164441
86.4,80.52388469165001
87.0,80.52388469165541
89.1,80.5238846916605
93.5,80.52388469166507
94.2,80.52388469166912
95.1,80.52388469167286
94.7,80.52388469167644
94.7,80.52388469167988
94.9,80.52388469168297
94.6,80.52388469168565
94.6,80.5238846916881
96.1,80.52388469169041
96.1,80.52388469169261
95.6,80.52388469169462
98.5,80.52388469169634
98.2,80.52388469169787
99.7,80.52388469169928
99.7,80.52388469170064
99.2,80.5238846917019
99.7,80.52388469170302
99.8,80.52388469170398
100.0,80.52388469170486
100.8,80.52388469170575
100.5,80.52388469170651
101.0,80.52388469170721
102.6,80.52388469170776
106.1,80.52388469170825
105.8,80.52388469170872
106.3,80.52388469170916
105.9,80.52388469170953
106.7,80.52388469170985
106.7,80.52388469171012
108.4,80.5238846917104
107.5,80.52388469171063
56.4,80.52388469171082
57.1,80.52388469171099
56.2,80.52388469171112
58.1,80.52388469171123
58.5,80.52388469171137
57.6,80.52388469171149
59.7,80.52388469171156
57.5,80.52388469171166
57.6,80.52388469171174
57.7,80.52388469171179
60.2,80.52388469171181
60.3,80.52388469171181
59.6,80.5238846917118
60.7,80.52388469171179
60.1,80.52388469171177
61.9,80.52388469171179
61.9,80.5238846917118
61.5,80.52388469171179
62.8,80.52388469171179
63.1,80.52388469171174
63.3,80.52388469171176
61.4,80.52388469171177
64.3,80.52388469171176
64.1,80.52388469171169
64.5,80.52388469171164
62.4,80.52388469171164
63.4,80.52388469171166
64.6,80.52388469171163
64.3,80.5238846917116
64.1,80.5238846917116
67.5,80.52388469171161
67.3,80.5238846917116
65.3,80.52388469171157
66.1,80.52388469171154
68.1,80.52388469171152
69.0,80.52388469171149
70.6,80.52388469171149
68.4,80.52388469171147
69.2,80.52388469171146
70.2,80.52388469171143
71.0,80.5238846917114
71.4,80.5238846917114
71.4,80.5238846917114
72.7,80.5238846917114
72.5,80.52388469171139
69.9,80.52388469171136
74.4,80.52388469171132
74.1,80.52388469171132
74.8,80.52388469171129
72.5,80.52388469171125
72.4,80.52388469171125
72.4,80.52388469171126
72.0,80.52388469171129
72.6,80.52388469171134
73.0,80.52388469171133
74.9,80.5238846917113
74.3,80.5238846917113
73.5,80.52388469171127
75.2,80.52388469171126
75.1,80.52388469171122
76.0,80.52388469171119
77.2,80.52388469171119
78.3,80.5238846917112
79.3,80.5238846917112
79.3,80.5238846917112
79.3,80.52388469171119
79.0,80.52388469171116
77.8,80.52388469171116
78.6,80.52388469171113
77.7,80.52388469171109
76.7,80.52388469171109
78.8,80.52388469171109
78.8,80.52388469171109
79.9,80.52388469171112
80.0,80.52388469171115
81.1,80.52388469171113
81.3,80.5238846917111
79.1,80.5238846917111
81.8,80.52388469171112
80.3,80.52388469171109
81.8,80.52388469171106
82.4,80.52388469171103
83.8,80.52388469171103
82.4,80.52388469171109
86.6,80.52388469171117
86.5,80.5238846917112
86.9,80.52388469171117
89.4,80.52388469171116
89.6,80.52388469171117
89.1,80.52388469171116
89.8,80.52388469171116
89.5,80.52388469171115
92.3,80.52388469171115
94.5,80.52388469171116
95.6,80.5238846917112
93.9,80.5238846917112
94.9,80.52388469171117
95.4,80.52388469171115
94.4,80.52388469171113
95.0,80.5238846917111
95.0,80.5238846917111
95.7,80.52388469171109
96.8,80.52388469171109
98.1,80.52388469171106
96.9,80.52388469171109
101.9,80.52388469171112
100.0,80.52388469171112
100.8,80.52388469171112
102.8,80.52388469171112
103.1,80.52388469171112
102.5,80.52388469171115
101.3,80.52388469171115
99.7,80.52388469171115
100.0,80.52388469171112
101.4,80.52388469171113
102.1,80.52388469171113
101.5,80.52388469171113
102.3,80.52388469171115
104.3,80.52388469171116
101.3,80.52388469171115
105.2,80.52388469171116
107.1,80.52388469171112
107.0,80.52388469171109
106.3,80.52388469171106
104.9,80.52388469171106
105.2,80.52388469171106
50.6,80.52388469171109
51.5,80.52388469171109
51.1,80.52388469171112
51.2,80.52388469171116
51.8,80.52388469171117
50.8,80.5238846917112
52.4,80.52388469171117
53.0,80.52388469171116
52.2,80.52388469171116
54.1,80.52388469171117
55.4,80.52388469171119
55.5,80.52388469171117
55.5,80.52388469171116
56.3,80.52388469171117
56.7,80.52388469171117
58.9,80.52388469171116
58.2,80.52388469171115
58.5,80.52388469171115
59.4,80.52388469171112
58.9,80.5238846917111
58.5,80.52388469171109
56.9,80.52388469171109
60.1,80.52388469171107
59.5,80.5238846917111
60.2,80.52388469171113
60.9,80.52388469171113
60.6,80.52388469171115
61.1,80.52388469171113
61.8,80.5238846917111
59.9,80.52388469171112
62.6,80.52388469171112
62.0,80.52388469171112
61.7,80.52388469171106
63.5,80.52388469171103
64.4,80.52388469171102
65.1,80.52388469171102
64.6,80.52388469171106
64.0,80.52388469171113
62.7,80.52388469171115
63.3,80.52388469171115
63.5,80.52388469171115
60.4,80.52388469171112
62.6,80.52388469171115
65.1,80.52388469171115
64.8,80.52388469171113
64.4,80.52388469171113
68.1,80.52388469171113
69.5,80.52388469171112
67.2,80.52388469171112
70.1,80.52388469171112
69.2,80.52388469171109
68.6,80.52388469171112
71.4,80.52388469171112
68.8,80.52388469171112
71.4,80.5238846917111
71.4,80.5238846917111
71.0,80.5238846917111
72.2,80.52388469171109
73.9,80.52388469171106
72.2,80.52388469171105
72.5,80.52388469171103
73.1,80.52388469171106
73.4,80.52388469171112
73.5,80.52388469171116
75.6,80.52388469171116
75.5,80.52388469171115
76.2,80.52388469171115
75.9,80.52388469171113
78.0,80.52388469171113
75.5,80.52388469171115
76.1,80.52388469171117
77.0,80.52388469171119
77.0,80.52388469171119
75.6,80.52388469171116
75.6,80.52388469171119
76.8,80.52388469171119
76.9,80.5238846917112
78.0,80.52388469171117
76.9,80.52388469171116
77.2,80.52388469171117
77.0,80.5238846917112
77.1,80.5238846917112
79.0,80.52388469171119
78.5,80.52388469171119
81.0,80.5238846917112
82.5,80.52388469171119
85.1,80.52388469171117
86.3,80.52388469171117
86.1,80.52388469171115
86.6,80.52388469171112
88.1,80.5238846917111
90.3,80.5238846917111
92.2,80.52388469171113
92.7,80.52388469171117
94.4,80.5238846917112
97.3,80.52388469171122
96.4,80.5238846917112
96.2,80.52388469171119
95.3,80.52388469171119
96.6,80.52388469171115
97.5,80.52388469171113
98.5,80.52388469171112
99.2,80.52388469171113
100.3,80.52388469171115
99.0,80.52388469171116
99.9,80.52388469171119
97.5,80.5238846917112
101.0,80.52388469171123
100.1,80.52388469171126
100.6,80.52388469171127
102.3,80.52388469171126
101.2,80.52388469171123
99.8,80.52388469171123
100.0,80.52388469171122
98.7,80.52388469171119
101.3,80.52388469171116
100.4,80.52388469171117
100.1,80.52388469171116
100.2,80.52388469171117
100.6,80.52388469171119
99.9,80.52388469171117
102.2,80.52388469171115
102.6,80.52388469171115
102.8,80.52388469171117
103.6,80.5238846917112
102.9,80.52388469171119
50.9,80.52388469171119
51.7,80.52388469171116
51.8,80.52388469171112
52.0,80.52388469171107
52.0,80.52388469171106
51.0,80.52388469171109
52.5,80.52388469171112
51.3,80.52388469171116
52.0,80.52388469171117
52.9,80.52388469171117
53.7,80.52388469171117
53.8,80.52388469171117
54.4,80.52388469171116
56.0,80.52388469171112
56.6,80.5238846917111
57.5,80.52388469171112
57.4,80.52388469171115
57.6,80.52388469171117
59.2,80.52388469171117
58.2,80.52388469171117
58.6,80.52388469171116
57.8,80.52388469171115
58.5,80.52388469171113
57.9,80.52388469171112
57.3,80.52388469171109
57.2,80.52388469171109
58.0,80.52388469171109
57.7,80.5238846917111
57.1,80.52388469171113
57.1,80.52388469171115
58.7,80.52388469171116
59.4,80.52388469171113
59.9,80.52388469171113
59.7,80.52388469171112
59.8,80.52388469171109
59.4,80.52388469171106
59.7,80.52388469171106
57.8,80.52388469171109
60.5,80.52388469171112
59.1,80.52388469171112
60.5,80.52388469171112
60.2,80.52388469171106
59.9,80.52388469171103
62.0,80.523884691711
61.2,80.52388469171098
61.1,80.52388469171098
62.2,80.52388469171098
64.0,80.523884691711
64.6,80.52388469171105
61.8,80.52388469171107
64.2,80.52388469171112
63.7,80.52388469171116
65.2,80.52388469171117
63.9,80.52388469171116
63.0,80.52388469171116
64.7,80.52388469171117
65.8,80.52388469171113
66.4,80.5238846917111
66.7,80.5238846917111
67.7,80.5238846917111
67.3,80.52388469171115
69.0,80.52388469171117
68.9,80.52388469171117
69.1,80.52388469171117
68.6,80.52388469171117
70.3,80.52388469171115
68.7,80.52388469171113
68.8,80.52388469171109
73.0,80.52388469171109
72.8,80.52388469171112
73.1,80.52388469171112
73.4,80.52388469171116
75.3,80.5238846917112
74.7,80.52388469171123
76.7,80.52388469171125
77.5,80.52388469171125
78.1,80.52388469171125
78.5,80.52388469171119
78.3,80.52388469171117
78.9,80.52388469171119
81.6,80.52388469171117
82.7,80.52388469171116
86.0,80.52388469171117
85.0,80.52388469171117
87.7,80.52388469171117
88.5,80.5238846917112
90.7,80.52388469171117
93.8,80.52388469171115
93.4,80.52388469171112
92.7,80.52388469171112
93.7,80.52388469171112
93.9,80.52388469171112
93.9,80.52388469171115
93.7,80.52388469171116
95.0,80.52388469171112
94.1,80.52388469171112
95.0,80.52388469171113
93.7,80.52388469171113
94.0,80.52388469171112
96.0,80.52388469171112
97.1,80.52388469171112
97.5,80.52388469171113
98.6,80.52388469171115
98.9,80.52388469171112
100.4,80.5238846917111
100.5,80.52388469171109
100.3,80.52388469171112
100.4,80.52388469171112
102.0,80.52388469171115
101.2,80.52388469171113
101.8,80.52388469171113
100.7,80.52388469171113
99.4,80.52388469171113
100.0,80.52388469171113
101.1,80.52388469171113
101.9,80.52388469171116
101.3,80.5238846917112
100.3,80.5238846917112
100.7,80.52388469171119
101.4,80.5238846917112
101.6,80.5238846917112
104.4,80.52388469171117
105.6,80.52388469171112
104.6,80.52388469171109
104.7,80.52388469171105
104.2,80.52388469171105
66.2,80.52388469171109
67.1,80.5238846917111
64.1,80.52388469171112
66.7,80.52388469171116
67.5,80.52388469171119
66.2,80.52388469171116
69.0,80.52388469171115
68.4,80.52388469171113
68.7,80.5238846917111
68.1,80.52388469171106
71.6,80.52388469171106
75.8,80.52388469171105
75.6,80.52388469171109
74.7,80.52388469171112
73.4,80.52388469171115
72.2,80.52388469171115
72.7,80.52388469171113
69.9,80.52388469171112
73.6,80.52388469171112
72.6,80.52388469171113
73.6,80.52388469171113
71.4,80.52388469171113
74.6,80.52388469171113
74.8,80.52388469171112
74.2,80.52388469171109
75.5,80.52388469171107
75.5,80.52388469171106
74.2,80.52388469171103
74.4,80.523884691711
72.8,80.52388469171102
76.2,80.52388469171103
74.5,80.52388469171107
74.9,80.5238846917111
71.2,80.52388469171112
77.3,80.52388469171112
78.1,80.52388469171112
78.4,80.5238846917111
78.1,80.52388469171112
79.1,80.52388469171112
76.1,80.52388469171112
77.0,80.52388469171113
79.5,80.52388469171116
81.6,80.52388469171116
79.7,80.52388469171116
81.8,80.52388469171116
76.8,80.52388469171115
81.0,80.52388469171115
82.9,80.52388469171113
83.8,80.52388469171109
84.7,80.52388469171106
83.7,80.52388469171106
81.2,80.52388469171106
82.1,80.52388469171112
82.1,80.52388469171112
83.0,80.52388469171112
84.3,80.52388469171113
84.3,80.52388469171115
82.1,80.52388469171116
74.3,80.52388469171115
86.9,80.52388469171115
85.1,80.52388469171112
85.3,80.5238846917111
85.4,80.52388469171109
85.3,80.52388469171106
85.5,80.52388469171106
87.0,80.52388469171106
86.4,80.52388469171106
89.5,80.52388469171109
87.9,80.52388469171112
86.7,80.52388469171115
88.0,80.52388469171116
88.3,80.52388469171117
88.3,80.52388469171117
86.1,80.52388469171117
86.0,80.52388469171115
85.2,80.52388469171112
84.7,80.52388469171112
86.2,80.52388469171112
86.2,80.5238846917111
86.4,80.52388469171109
86.5,80.52388469171107
84.6,80.52388469171109
86.6,80.5238846917111
87.5,80.52388469171115
87.6,80.52388469171115
88.3,80.52388469171115
86.0,80.52388469171113
92.5,80.52388469171113
92.3,80.52388469171115
93.8,80.52388469171115
95.8,80.52388469171112
96.2,80.5238846917111
97.5,80.5238846917111
97.8,80.52388469171113
98.8,80.52388469171113
100.4,80.52388469171109
100.7,80.52388469171107
100.9,80.52388469171105
100.4,80.52388469171106
100.9,80.5238846917111
97.7,80.52388469171109
101.0,80.52388469171107
100.2,80.52388469171109
102.3,80.52388469171109
103.5,80.5238846917111
102.8,80.52388469171113
103.2,80.52388469171112
103.9,80.52388469171112
101.6,80.52388469171113
103.0,80.52388469171115
102.7,80.52388469171116
103.9,80.52388469171115
101.2,80.52388469171112
100.0,80.5238846917111
103.5,80.52388469171112
105.4,80.52388469171113
108.9,80.52388469171112
108.1,80.5238846917111
108.9,80.52388469171109
109.9,80.52388469171109
108.4,80.52388469171109
109.1,80.52388469171107
112.4,80.52388469171107
113.7,80.5238846917111
114.4,80.52388469171113
112.6,80.52388469171116
100.5,80.52388469171116
101.1,80.52388469171113
100.1,80.52388469171115
102.1,80.52388469171116
104.7,80.52388469171115
104.5,80.52388469171116
106.0,80.52388469171117
107.2,80.52388469171116
106.5,80.52388469171115
106.6,80.52388469171117
57.6,80.52388469171116
61.2,80.52388469171115
60.8,80.52388469171115
62.0,80.52388469171112
61.6,80.52388469171112
62.4,80.52388469171109
64.5,80.52388469171107
66.0,80.52388469171106
66.3,80.52388469171103
67.5,80.52388469171103
67.9,80.52388469171103
72.8,80.52388469171106
77.9,80.52388469171109
79.6,80.52388469171115
79.9,80.52388469171115
80.1,80.52388469171115
81.3,80.52388469171115
79.0,80.52388469171113
82.8,80.52388469171113
82.9,80.52388469171113
82.9,80.52388469171113
82.9,80.5238846917111
82.2,80.5238846917111
82.1,80.5238846917111
84.6,80.52388469171113
82.1,80.52388469171115
82.8,80.52388469171115
81.2,80.52388469171115
82.9,80.52388469171115
80.1,80.52388469171112
82.5,80.52388469171113
84.0,80.52388469171115
80.5,80.52388469171112
83.5,80.52388469171109
81.9,80.5238846917111
83.1,80.5238846917111
85.8,80.52388469171112
85.6,80.52388469171112
85.0,80.52388469171112
86.1,80.52388469171112
85.8,80.52388469171112
85.7,80.52388469171112
86.6,80.52388469171112
86.2,80.52388469171112
85.2,80.5238846917111
86.5,80.52388469171107
84.3,80.52388469171107
86.5,80.52388469171109
84.7,80.52388469171112
85.7,80.52388469171113
86.2,80.52388469171115
87.1,80.52388469171115
85.8,80.52388469171115
86.7,80.52388469171115
87.4,80.52388469171112
87.2,80.52388469171109
86.7,80.52388469171109
86.2,80.5238846917111
86.3,80.5238846917111
86.3,80.5238846917111
87.3,80.52388469171112
86.6,80.52388469171109
87.2,80.52388469171109
87.8,80.52388469171109
88.4,80.52388469171109
87.0,80.52388469171109
87.0,80.52388469171112
87.3,80.52388469171113
85.8,80.52388469171113
87.3,80.52388469171113
87.3,80.52388469171115
86.8,80.52388469171116
86.8,80.52388469171117
87.0,80.52388469171116
85.5,80.52388469171112
86.5,80.52388469171113
85.4,80.5238846917111
86.6,80.5238846917111
86.2,80.52388469171112
87.7,80.52388469171112
87.3,80.52388469171113
88.2,80.52388469171113
88.0,80.52388469171112
87.1,80.52388469171112
90.7,80.52388469171109
92.3,80.52388469171109
92.6,80.52388469171106
93.2,80.52388469171103
93.7,80.52388469171105
94.1,80.52388469171107
94.0,80.52388469171109
96.0,80.52388469171113
97.3,80.52388469171115
97.6,80.52388469171115
97.8,80.52388469171115
97.4,80.52388469171113
97.7,80.5238846917111
98.3,80.52388469171112
98.7,80.52388469171113
100.6,80.52388469171113
97.9,80.52388469171113
100.1,80.52388469171113
100.9,80.52388469171113
101.1,80.52388469171112
102.7,80.52388469171112
101.6,80.52388469171112
101.7,80.52388469171115
101.8,80.52388469171112
102.4,80.5238846917111
100.7,80.52388469171106
102.0,80.52388469171106
102.1,80.52388469171106
101.6,80.52388469171107
100.0,80.5238846917111
99.5,80.52388469171113
100.2,80.52388469171115
99.2,80.52388469171115
99.6,80.52388469171116
101.3,80.52388469171115
101.1,80.52388469171115
102.6,80.52388469171116
102.8,80.52388469171116
103.2,80.52388469171115
102.6,80.52388469171115
103.2,80.52388469171113
103.0,80.52388469171113
73.3,80.52388469171112
74.5,80.52388469171113
72.5,80.52388469171112
73.6,80.52388469171112
74.4,80.52388469171112
75.3,80.52388469171112
78.0,80.52388469171112
77.7,80.52388469171113
76.8,80.52388469171112
78.5,80.52388469171109
78.4,80.52388469171109
85.2,80.52388469171106
88.7,80.52388469171109
88.0,80.52388469171109
87.9,80.52388469171112
89.6,80.52388469171112
89.9,80.52388469171112
89.1,80.52388469171112
90.5,80.52388469171112
92.0,80.5238846917111
92.6,80.52388469171112
87.3,80.52388469171116
90.1,80.52388469171117
89.5,80.52388469171119
89.0,80.52388469171119
87.8,80.5238846917112
87.7,80.52388469171117
87.6,80.52388469171115
86.1,80.5238846917111
86.3,80.52388469171112
86.4,80.52388469171112
84.5,80.52388469171115
84.7,80.52388469171115
86.4,80.52388469171115
84.6,80.52388469171119
87.4,80.52388469171122
87.2,80.5238846917112
85.8,80.52388469171117
87.3,80.52388469171117
88.1,80.52388469171117
87.0,80.52388469171117
86.9,80.52388469171115
87.4,80.52388469171115
86.8,80.52388469171115
86.4,80.52388469171115
88.3,80.52388469171115
89.4,80.52388469171113
88.2,80.5238846917111
88.9,80.52388469171112
87.7,80.5238846917111
88.5,80.52388469171112
88.7,80.52388469171113
88.2,80.52388469171117
90.5,80.5238846917112
89.6,80.5238846917112
92.1,80.52388469171119
91.7,80.52388469171117
87.4,80.52388469171115
86.3,80.52388469171113
88.9,80.5238846917111
87.4,80.5238846917111
86.5,80.52388469171115
84.7,80.52388469171115
85.4,80.52388469171116
82.0,80.52388469171117
83.1,80.5238846917112
81.5,80.52388469171123
82.4,80.52388469171125
83.8,80.5238846917112
83.0,80.52388469171117
83.3,80.52388469171117
84.2,80.52388469171116
84.7,80.52388469171115
88.0,80.52388469171115
87.9,80.52388469171115
88.1,80.52388469171115
88.0,80.52388469171116
87.5,80.52388469171116
88.5,80.52388469171117
88.5,80.52388469171115
88.1,80.52388469171112
88.4,80.52388469171112
88.1,80.52388469171109
88.1,80.52388469171106
89.0,80.52388469171106
89.0,80.52388469171106
92.5,80.52388469171107
93.7,80.52388469171109
93.7,80.5238846917111
93.9,80.52388469171112
94.5,80.52388469171112
93.2,80.52388469171112
94.5,80.52388469171112
94.5,80.52388469171109
94.8,80.52388469171109
95.3,80.52388469171109
95.9,80.52388469171112
96.7,80.52388469171115
96.6,80.52388469171115
98.6,80.52388469171113
98.9,80.52388469171112
98.9,80.5238846917111
99.3,80.52388469171106
99.4,80.52388469171106
98.5,80.52388469171105
98.7,80.52388469171106
98.6,80.5238846917111
98.0,80.52388469171113
99.0,80.52388469171115
100.0,80.52388469171116
100.3,80.52388469171116
100.6,80.52388469171113
99.6,80.52388469171112
100.0,80.52388469171113
99.6,80.5238846917111
102.9,80.5238846917111
102.8,80.5238846917111
103.4,80.52388469171112
102.6,80.52388469171116
103.0,80.52388469171119
105.1,80.52388469171117
104.5,80.52388469171117
104.3,80.52388469171117
105.6,80.52388469171115
106.0,80.52388469171112
105.1,80.52388469171112
53.7,80.5238846917111
53.8,80.52388469171106
53.2,80.52388469171109
52.0,80.52388469171112
53.1,80.52388469171112
53.5,80.52388469171112
55.0,80.52388469171113
55.2,80.52388469171113
55.4,80.52388469171112
53.9,80.52388469171112
56.0,80.5238846917111
57.6,80.52388469171106
57.3,80.52388469171106
59.1,80.52388469171105
59.7,80.52388469171107
59.0,80.5238846917111
58.8,80.52388469171115
59.0,80.52388469171116
57.9,80.52388469171112
58.4,80.52388469171112
59.1,80.52388469171112
58.5,80.52388469171109
60.7,80.52388469171107
61.9,80.52388469171107
61.9,80.5238846917111
62.8,80.52388469171107
62.9,80.52388469171107
62.8,80.5238846917111
63.1,80.52388469171112
62.4,80.52388469171109
64.1,80.52388469171107
64.0,80.52388469171107
64.2,80.52388469171109
64.0,80.5238846917111
64.2,80.5238846917111
63.2,80.52388469171109
65.8,80.52388469171113
66.9,80.52388469171116
66.9,80.52388469171116
66.8,80.52388469171115
66.2,80.52388469171115
66.5,80.52388469171112
67.5,80.52388469171113
68.1,80.52388469171113
67.8,80.52388469171112
68.0,80.52388469171113
68.2,80.52388469171113
71.0,80.52388469171113
71.7,80.52388469171113
71.4,80.52388469171115
72.5,80.52388469171115
72.9,80.52388469171109
71.5,80.52388469171109
72.5,80.52388469171112
74.3,80.52388469171115
74.3,80.52388469171112
74.2,80.52388469171112
66.3,80.52388469171112
74.2,80.52388469171106
77.8,80.52388469171103
82.2,80.523884691711
82.2,80.52388469171096
81.5,80.52388469171099
81.4,80.52388469171102
80.9,80.52388469171103
80.9,80.52388469171105
81.3,80.52388469171107
81.3,80.52388469171106
81.8,80.52388469171106
83.8,80.52388469171106
83.5,80.52388469171106
84.3,80.52388469171106
81.6,80.52388469171105
81.6,80.52388469171106
81.6,80.52388469171107
82.6,80.52388469171112
82.4,80.52388469171112
82.3,80.52388469171113
82.6,80.52388469171115
82.5,80.52388469171116
83.6,80.52388469171116
83.6,80.52388469171117
84.7,80.52388469171116
86.4,80.52388469171113
86.6,80.52388469171112
89.1,80.52388469171113
89.5,80.5238846917111
85.6,80.52388469171109
89.9,80.52388469171113
90.0,80.52388469171117
90.2,80.5238846917112
90.3,80.5238846917112
89.9,80.5238846917112
89.1,80.52388469171119
94.2,80.52388469171116
98.3,80.52388469171117
98.1,80.52388469171117
98.0,80.52388469171115
97.1,80.52388469171113
97.8,80.52388469171115
98.2,80.52388469171113
98.2,80.52388469171113
97.5,80.52388469171109
98.8,80.52388469171109
97.6,80.5238846917111
98.0,80.5238846917111
98.9,80.52388469171112
101.2,80.52388469171113
101.9,80.52388469171115
101.3,80.52388469171113
101.7,80.52388469171115
100.0,80.52388469171113
100.1,80.52388469171115
100.0,80.52388469171112
100.4,80.52388469171112
100.1,80.5238846917111
100.3,80.52388469171106
100.2,80.52388469171107
103.6,80.52388469171115
103.9,80.52388469171115
104.1,80.52388469171115
104.6,80.52388469171116
105.1,80.52388469171116
104.1,80.52388469171115
104.7,80.52388469171112
104.3,80.5238846917111
54.8,80.52388469171109
55.6,80.52388469171109
56.0,80.52388469171113
56.9,80.52388469171116
56.4,80.52388469171113
56.7,80.52388469171116
57.0,80.52388469171117
57.5,80.52388469171116
56.3,80.52388469171113
56.6,80.52388469171112
57.1,80.52388469171112
61.4,80.52388469171112
63.1,80.52388469171109
62.2,80.52388469171112
61.9,80.52388469171112
62.1,80.52388469171112
64.1,80.52388469171112
65.1,80.52388469171112
65.9,80.52388469171115
66.8,80.52388469171115
66.3,80.52388469171115
64.9,80.52388469171113
66.1,80.5238846917111
67.1,80.52388469171109
67.2,80.5238846917111
67.2,80.52388469171109
67.4,80.52388469171112
67.1,80.52388469171112
66.6,80.52388469171112
67.0,80.52388469171109
68.1,80.52388469171109
67.7,80.52388469171107
68.1,80.52388469171106
67.5,80.52388469171103
68.4,80.523884691711
68.6,80.523884691711
69.2,80.523884691711
68.7,80.52388469171103
68.2,80.52388469171105
68.7,80.52388469171106
68.9,80.52388469171106
69.5,80.52388469171107
70.9,80.5238846917111
71.4,80.52388469171113
71.3,80.52388469171115
70.3,80.52388469171113
71.3,80.52388469171113
72.1,80.52388469171115
71.9,80.52388469171113
72.1,80.52388469171113
71.9,80.52388469171116
70.7,80.52388469171117
69.9,80.52388469171119
71.0,80.52388469171116
73.5,80.52388469171119
72.9,80.52388469171117
73.0,80.52388469171115
73.0,80.52388469171113
75.6,80.52388469171113
77.4,80.52388469171112
77.3,80.52388469171113
77.8,80.52388469171116
78.4,80.52388469171113
78.6,80.52388469171113
78.4,80.52388469171113
78.2,80.52388469171112
80.0,80.52388469171115
80.7,80.52388469171117
81.4,80.52388469171117
81.4,80.5238846917112
81.5,80.5238846917112
82.2,80.52388469171119
78.0,80.52388469171116
79.3,80.52388469171113
79.6,80.52388469171113
80.2,80.52388469171112
79.3,80.52388469171112
79.1,80.52388469171112
79.9,80.52388469171115
81.1,80.52388469171117
81.2,80.5238846917112
80.2,80.52388469171123
81.0,80.52388469171125
82.3,80.52388469171125
83.9,80.5238846917112
86.8,80.52388469171116
87.6,80.52388469171113
87.5,80.52388469171112
88.3,80.52388469171112
88.1,80.52388469171112
89.3,80.52388469171112
91.9,80.52388469171113
92.5,80.52388469171112
92.0,80.52388469171112
93.2,80.52388469171112
91.1,80.52388469171112
91.0,80.5238846917111
91.1,80.52388469171107
91.2,80.52388469171107
92.2,80.52388469171109
91.9,80.5238846917111
91.9,80.52388469171115
92.9,80.52388469171116
95.0,80.52388469171113
95.2,80.52388469171115
94.8,80.52388469171115
97.2,80.52388469171116
97.2,80.52388469171116
98.2,80.52388469171116
98.7,80.52388469171115
98.9,80.52388469171115
99.7,80.52388469171115
99.5,80.52388469171115
100.0,80.52388469171115
100.0,80.52388469171113
99.4,80.52388469171109
99.5,80.52388469171109
99.5,80.52388469171109
101.2,80.5238846917111
101.3,80.52388469171115
101.6,80.52388469171117
102.2,80.52388469171117
101.3,80.52388469171117
100.3,80.52388469171116
101.4,80.52388469171116
101.8,80.52388469171115
50.5,80.52388469171112
51.3,80.52388469171109
53.1,80.52388469171109
55.3,80.52388469171109
55.3,80.52388469171112
56.0,80.52388469171113
58.0,80.52388469171117
59.3,80.52388469171116
58.3,80.52388469171116
56.1,80.52388469171115
54.0,80.52388469171112
54.3,80.52388469171106
55.0,80.52388469171106
56.3,80.52388469171106
57.3,80.52388469171106
59.0,80.52388469171109
58.8,80.52388469171112
59.5,80.52388469171117
61.1,80.52388469171117
61.0,80.52388469171116
60.6,80.52388469171116
59.4,80.52388469171113
59.3,80.5238846917111
58.6,80.5238846917111
57.8,80.52388469171109
59.0,80.52388469171103
59.5,80.52388469171107
59.5,80.52388469171113
58.9,80.52388469171115
58.6,80.52388469171115
59.8,80.52388469171113
60.8,80.52388469171112
60.8,80.52388469171112
60.8,80.52388469171112
61.4,80.52388469171109
61.5,80.52388469171109
61.5,80.5238846917111
61.1,80.52388469171112
61.6,80.52388469171113
61.5,80.52388469171112
61.0,80.52388469171112
61.2,80.52388469171112
61.6,80.52388469171113
61.9,80.52388469171112
61.9,80.52388469171112
62.6,80.52388469171107
62.5,80.52388469171105
63.0,80.52388469171106
62.9,80.52388469171107
64.0,80.5238846917111
65.0,80.5238846917111
63.0,80.52388469171112
63.9,80.52388469171112
63.0,80.52388469171115
65.9,80.52388469171115
65.4,80.52388469171116
66.7,80.52388469171113
66.7,80.52388469171113
62.4,80.52388469171112
67.8,80.52388469171107
66.6,80.52388469171106
67.1,80.52388469171109
66.2,80.5238846917111
67.5,80.52388469171109
67.1,80.52388469171113
67.0,80.52388469171115
68.9,80.52388469171113
69.6,80.52388469171113
70.1,80.52388469171115
70.3,80.52388469171116
70.1,80.52388469171117
70.0,80.52388469171119
70.0,80.52388469171115
70.5,80.52388469171113
70.0,80.52388469171113
71.3,80.52388469171113
71.8,80.52388469171109
71.5,80.52388469171106
72.1,80.52388469171109
72.0,80.52388469171112
71.8,80.52388469171115
72.0,80.52388469171115
73.9,80.52388469171115
75.2,80.52388469171115
75.7,80.52388469171115
76.9,80.52388469171112
77.6,80.5238846917111
78.4,80.5238846917111
81.1,80.52388469171115
82.4,80.52388469171117
82.8,80.5238846917112
84.6,80.5238846917112
87.2,80.52388469171119
87.2,80.52388469171117
87.2,80.52388469171116
89.5,80.52388469171112
91.0,80.52388469171109
91.3,80.52388469171105
92.9,80.52388469171102
93.8,80.523884691711
94.2,80.52388469171106
94.4,80.52388469171112
95.2,80.52388469171115
94.5,80.52388469171115
95.3,80.52388469171116
95.9,80.52388469171112
95.3,80.52388469171109
96.2,80.52388469171106
96.1,80.52388469171105
96.2,80.52388469171106
97.5,80.52388469171107
99.7,80.5238846917111
100.4,80.52388469171112
100.0,80.52388469171112
101.2,80.5238846917111
101.7,80.52388469171107
101.4,80.52388469171103
100.8,80.52388469171103
101.2,80.523884691711
101.6,80.523884691711
101.8,80.52388469171102
101.8,80.52388469171106
101.8,80.52388469171107
102.5,80.52388469171107
102.1,80.52388469171105
102.3,80.52388469171103
58.0,80.52388469171103
58.2,80.52388469171102
57.1,80.523884691711
58.4,80.52388469171102
57.4,80.523884691711
59.3,80.523884691711
60.3,80.52388469171103
61.6,80.52388469171107
62.4,80.52388469171109
60.4,80.5238846917111
61.0,80.52388469171109
66.0,80.5238846917111
67.3,80.5238846917111
67.8,80.5238846917111
65.3,80.5238846917111
68.3,80.52388469171113
66.9,80.52388469171116
67.3,80.52388469171116
69.4,80.52388469171116
71.0,80.52388469171113
71.0,80.52388469171112
70.3,80.5238846917111
69.9,80.5238846917111
72.4,80.5238846917111
73.2,80.5238846917111
72.8,80.5238846917111
71.3,80.5238846917111
70.0,80.5238846917111
71.2,80.52388469171109
72.6,80.52388469171106
71.7,80.52388469171103
71.6,80.52388469171102
72.0,80.523884691711
72.8,80.52388469171103
73.8,80.52388469171107
72.6,80.5238846917111
75.7,80.5238846917111
76.1,80.52388469171113
74.9,80.52388469171113
73.6,80.52388469171112
75.7,80.52388469171112
76.2,80.52388469171113
76.3,80.52388469171113
76.5,80.52388469171116
77.1,80.52388469171116
76.9,80.52388469171113
76.4,80.52388469171113
73.3,80.52388469171109
76.4,80.52388469171109
77.1,80.52388469171109
77.4,80.52388469171112
76.1,80.52388469171109
76.7,80.52388469171109
77.9,80.52388469171112
77.2,80.52388469171113
78.7,80.52388469171112
78.4,80.52388469171112
78.4,80.52388469171109
78.3,80.52388469171113
78.8,80.52388469171115
77.4,80.52388469171113
78.0,80.52388469171113
77.0,80.52388469171112
77.9,80.52388469171112
77.3,80.52388469171115
77.7,80.52388469171115
76.3,80.52388469171115
75.7,80.52388469171115
76.9,80.52388469171115
78.1,80.52388469171113
77.9,80.5238846917111
77.8,80.52388469171112
80.3,80.5238846917111
80.2,80.52388469171112
79.4,80.52388469171112
80.4,80.52388469171109
80.4,80.52388469171109
79.3,80.52388469171109
79.9,80.52388469171109
80.6,80.52388469171106
80.3,80.52388469171102
81.5,80.52388469171102
82.1,80.52388469171102
81.2,80.52388469171103
82.7,80.52388469171107
82.4,80.52388469171112
84.7,80.52388469171113
86.2,80.52388469171113
87.4,80.52388469171112
88.9,80.52388469171113
89.4,80.52388469171115
91.4,80.52388469171113
92.5,80.5238846917111
92.6,80.52388469171107
92.7,80.52388469171107
92.2,80.52388469171109
91.9,80.52388469171109
92.8,80.52388469171109
92.6,80.52388469171109
95.8,80.52388469171109
95.1,80.52388469171112
95.2,80.52388469171113
95.5,80.52388469171115
95.5,80.52388469171115
95.3,80.52388469171116
96.2,80.52388469171115
95.0,80.52388469171116
96.8,80.52388469171116
96.5,80.52388469171115
98.0,80.52388469171116
97.7,80.52388469171115
99.2,80.52388469171115
99.9,80.52388469171116
100.0,80.52388469171116
99.4,80.52388469171113
101.3,80.52388469171113
101.4,80.52388469171113
100.4,80.52388469171112
100.7,80.52388469171112
101.3,80.52388469171112
101.8,80.5238846917111
102.4,80.52388469171109
104.2,80.52388469171107
104.6,80.5238846917111
105.7,80.52388469171115
104.9,80.52388469171115
55.9,80.52388469171115
55.9,80.52388469171115
55.9,80.52388469171115
55.6,80.52388469171113
56.2,80.5238846917111
55.7,80.52388469171109
56.5,80.52388469171107
56.7,80.52388469171107
56.4,80.52388469171112
58.7,80.52388469171112
59.5,80.52388469171112
59.8,80.52388469171112
61.4,80.52388469171112
61.2,80.52388469171109
61.2,80.52388469171106
60.3,80.52388469171103
61.4,80.52388469171105
62.8,80.52388469171106
62.7,80.52388469171106
63.4,80.5238846917111
64.0,80.52388469171113
63.6,80.52388469171113
64.5,80.52388469171115
62.9,80.52388469171115
63.7,80.52388469171113
61.3,80.52388469171112
62.2,80.52388469171109
62.0,80.5238846917111
62.8,80.52388469171109
62.5,80.52388469171109
61.9,80.5238846917111
63.7,80.52388469171112
62.9,80.52388469171112
64.8,80.52388469171113
64.9,80.52388469171113
65.7,80.52388469171113
66.3,80.52388469171113
66.3,80.52388469171112
66.1,80.52388469171113
66.2,80.52388469171117
67.1,80.52388469171116
65.9,80.52388469171117
66.5,80.52388469171117
67.3,80.52388469171116
67.9,80.52388469171112
68.1,80.52388469171109
69.9,80.52388469171106
70.9,80.52388469171105
70.3,80.52388469171106
71.3,80.52388469171109
71.8,80.52388469171115
71.2,80.52388469171115
70.3,80.52388469171115
69.9,80.52388469171115
71.2,80.52388469171113
71.2,80.52388469171112
72.1,80.52388469171109
72.4,80.52388469171107
66.2,80.52388469171109
73.4,80.52388469171109
73.5,80.5238846917111
74.2,80.52388469171113
74.0,80.52388469171112
73.7,80.52388469171109
74.3,80.5238846917111
74.1,80.5238846917111
73.6,80.52388469171112
74.5,80.52388469171112
74.9,80.52388469171113
75.2,80.52388469171109
74.7,80.52388469171109
75.3,80.52388469171112
74.6,80.52388469171115
75.0,80.52388469171115
74.7,80.52388469171115
75.1,80.52388469171115
75.0,80.52388469171115
75.0,80.52388469171115
74.4,80.52388469171113
76.4,80.52388469171112
77.6,80.52388469171112
78.0,80.52388469171112
79.9,80.52388469171115
81.3,80.52388469171116
81.7,80.52388469171115
85.0,80.52388469171112
83.0,80.5238846917111
83.5,80.52388469171107
85.9,80.52388469171106
85.9,80.52388469171106
86.0,80.52388469171106
89.4,80.52388469171107
90.3,80.52388469171109
90.8,80.52388469171112
90.8,80.52388469171115
91.9,80.52388469171115
90.9,80.52388469171115
92.7,80.52388469171115
93.2,80.52388469171113
91.6,80.52388469171109
91.7,80.5238846917111
93.2,80.52388469171109
93.6,80.52388469171106
96.2,80.52388469171106
96.6,80.52388469171109
96.3,80.52388469171106
96.0,80.52388469171106
97.8,80.52388469171106
96.9,80.52388469171107
99.0,80.52388469171107
100.3,80.52388469171109
100.5,80.5238846917111
99.9,80.52388469171106
100.0,80.52388469171103
99.8,80.52388469171105
100.1,80.52388469171103
99.7,80.52388469171102
99.8,80.52388469171096
100.1,80.52388469171093
100.9,80.52388469171093
99.9,80.52388469171092
102.0,80.52388469171093
100.7,80.52388469171096
101.3,80.52388469171095
101.1,80.52388469171099
101.5,80.52388469171102
70.1,80.52388469171102
70.6,80.52388469171102
70.1,80.52388469171098
70.8,80.52388469171095
70.5,80.52388469171095
69.2,80.52388469171096
70.7,80.52388469171092
70.8,80.52388469171092
72.6,80.52388469171092
73.6,80.52388469171095
74.9,80.52388469171098
75.5,80.52388469171098
75.7,80.52388469171095
75.9,80.52388469171093
76.4,80.52388469171095
76.4,80.52388469171098
77.5,80.52388469171098
79.4,80.523884691711
82.1,80.52388469171099
81.1,80.52388469171098
83.6,80.52388469171098
83.4,80.52388469171096
84.4,80.52388469171095
84.6,80.52388469171088
85.6,80.52388469171086
86.1,80.52388469171092
86.4,80.52388469171098
85.1,80.52388469171102
84.1,80.52388469171102
86.2,80.52388469171103
86.7,80.52388469171106
86.0,80.52388469171106
86.8,80.52388469171107
88.0,80.52388469171109
88.4,80.52388469171106
89.1,80.52388469171103
90.4,80.52388469171106
90.1,80.52388469171109
89.0,80.52388469171107
88.9,80.52388469171106
90.2,80.52388469171106
90.3,80.52388469171105
89.9,80.52388469171102
91.5,80.52388469171099
92.2,80.52388469171096
93.7,80.52388469171096
93.5,80.52388469171096
94.9,80.523884691711
95.9,80.523884691711
94.2,80.523884691711
94.8,80.52388469171105
93.5,80.52388469171107
94.5,80.52388469171109
93.8,80.5238846917111
95.4,80.52388469171109
96.9,80.5238846917111
96.9,80.52388469171113
95.4,80.52388469171113
89.3,80.52388469171117
87.1,80.52388469171119
88.0,80.52388469171117
87.5,80.52388469171117
88.1,80.52388469171116
87.8,80.52388469171116
87.8,80.52388469171115
88.7,80.52388469171113
88.8,80.52388469171112
86.2,80.5238846917111
86.1,80.52388469171112
86.3,80.52388469171113
85.2,80.52388469171115
85.8,80.52388469171117
85.7,80.52388469171117
85.0,80.52388469171117
84.7,80.52388469171116
84.7,80.52388469171115
83.7,80.52388469171112
83.4,80.52388469171109
85.1,80.52388469171106
85.0,80.52388469171109
83.9,80.52388469171112
84.1,80.52388469171113
85.8,80.52388469171115
84.6,80.52388469171115
84.8,80.52388469171113
84.1,80.52388469171116
84.9,80.52388469171113
85.4,80.52388469171113
86.6,80.52388469171115
86.2,80.52388469171116
87.2,80.52388469171117
86.9,80.52388469171117
88.9,80.52388469171119
90.8,80.52388469171117
91.2,80.52388469171119
91.9,80.52388469171116
92.0,80.52388469171113
93.3,80.52388469171112
92.3,80.52388469171112
93.3,80.52388469171109
93.3,80.52388469171107
93.9,80.52388469171109
95.1,80.5238846917111
96.0,80.52388469171112
96.9,80.52388469171113
97.6,80.52388469171117
97.5,80.52388469171119
98.4,80.52388469171119
99.3,80.52388469171117
99.3,80.52388469171116
99.3,80.5238846917112
97.8,80.52388469171116
99.4,80.52388469171115
100.0,80.52388469171115
99.1,80.52388469171115
101.0,80.52388469171113
102.6,80.5238846917111
102.5,80.52388469171107
103.0,80.52388469171106
103.0,80.5238846917111
103.9,80.52388469171115
103.4,80.5238846917112
103.2,80.52388469171122
102.3,80.5238846917112
102.4,80.5238846917112
102.1,80.5238846917112
48.5,80.52388469171116
48.5,80.52388469171112
48.7,80.52388469171109
48.8,80.52388469171112
49.2,80.52388469171117
49.7,80.52388469171117
51.3,80.52388469171117
51.3,80.52388469171116
52.0,80.52388469171116
52.9,80.52388469171115
53.3,80.5238846917111
53.8,80.52388469171112
54.4,80.52388469171112
54.5,80.52388469171113
55.3,80.52388469171115
55.8,80.5238846917112
55.9,80.52388469171117
55.7,80.52388469171116
56.1,80.52388469171116
56.4,80.52388469171116
56.7,80.52388469171109
56.8,80.52388469171105
56.3,80.52388469171106
56.9,80.52388469171106
57.4,80.52388469171109
56.9,80.52388469171112
57.2,80.52388469171115
57.4,80.52388469171117
57.0,80.52388469171119
57.2,80.52388469171117
57.0,80.52388469171115
56.8,80.52388469171112
57.1,80.52388469171109
57.3,80.5238846917111
56.2,80.52388469171113
57.9,80.52388469171115
57.4,80.52388469171117
57.4,80.52388469171116
57.1,80.52388469171113
56.9,80.52388469171109
56.7,80.52388469171103
56.3,80.52388469171103
57.0,80.52388469171102
56.2,80.52388469171103
56.9,80.52388469171109
57.1,80.52388469171112
56.2,80.52388469171115
57.0,80.52388469171117
56.9,80.52388469171119
56.8,80.52388469171119
56.7,80.52388469171117
56.4,80.52388469171115
56.3,80.52388469171115
56.1,80.52388469171112
56.9,80.52388469171112
57.1,80.52388469171112
56.5,80.52388469171112
60.2,80.5238846917111
57.7,80.52388469171109
56.5,80.52388469171106
58.6,80.52388469171106
58.3,80.52388469171107
59.3,80.5238846917111
59.2,80.52388469171112
59.5,80.52388469171112
60.2,80.52388469171112
60.2,80.52388469171112
60.6,80.52388469171112
60.3,80.52388469171112
60.4,80.52388469171109
60.5,80.52388469171106
60.7,80.52388469171107
60.2,80.5238846917111
59.6,80.52388469171113
60.0,80.52388469171113
60.6,80.52388469171113
60.8,80.52388469171113
61.4,80.52388469171113
61.5,80.5238846917111
65.2,80.52388469171107
66.4,80.52388469171106
67.8,80.52388469171106
69.5,80.52388469171109
70.1,80.5238846917111
70.1,80.52388469171113
72.9,80.52388469171113
73.7,80.52388469171112
75.3,80.5238846917111
74.9,80.5238846917111
75.4,80.52388469171107
77.7,80.52388469171106
77.1,80.52388469171107
77.5,80.52388469171107
77.9,80.52388469171107
77.5,80.52388469171105
77.4,80.523884691711
78.2,80.52388469171098
78.6,80.52388469171098
82.4,80.52388469171098
84.6,80.52388469171102
85.6,80.52388469171105
86.2,80.52388469171107
86.5,80.5238846917111
86.5,80.5238846917111
87.8,80.5238846917111
88.6,80.5238846917111
91.4,80.5238846917111
93.4,80.5238846917111
95.2,80.52388469171109
96.2,80.5238846917111
97.8,80.5238846917111
98.7,80.5238846917111
98.5,80.52388469171109
100.0,80.52388469171106
101.3,80.52388469171106
102.9,80.52388469171106
104.3,80.52388469171109
106.5,80.52388469171112
106.4,80.52388469171113
106.9,80.52388469171113
106.5,80.52388469171113
108.6,80.52388469171112
109.7,80.5238846917111
111.2,80.52388469171106
111.7,80.52388469171103
112.7,80.52388469171103
79.4,80.52388469171105
79.8,80.52388469171109
80.6,80.52388469171113
84.3,80.52388469171113
84.8,80.52388469171112
85.3,80.52388469171106
86.6,80.52388469171102
87.0,80.52388469171103
86.3,80.52388469171103
87.6,80.52388469171102
88.5,80.52388469171105
88.9,80.5238846917111
90.0,80.52388469171112
90.4,80.5238846917111
91.3,80.52388469171107
92.2,80.52388469171106
93.0,80.52388469171106
94.4,80.52388469171109
95.7,80.52388469171112
96.4,80.52388469171115
96.3,80.52388469171119
95.4,80.52388469171116
95.5,80.52388469171116
97.1,80.52388469171115
98.0,80.52388469171112
97.3,80.5238846917111
98.1,80.52388469171109
99.1,80.52388469171106
99.6,80.5238846917111
100.0,80.52388469171113
99.8,80.52388469171117
100.1,80.52388469171117
100.0,80.52388469171115
100.2,80.52388469171115
100.1,80.52388469171115
100.4,80.52388469171113
100.1,80.52388469171109
100.8,80.52388469171109
100.6,80.5238846917111
99.5,80.52388469171113
101.7,80.52388469171116
102.3,80.52388469171117
101.2,80.52388469171117
102.7,80.52388469171116
103.6,80.52388469171115
46.2,80.52388469171113
47.1,80.52388469171112
47.5,80.52388469171109
47.8,80.52388469171109
47.6,80.52388469171112
48.8,80.52388469171116
50.0,80.52388469171117
51.3,80.52388469171116
50.7,80.52388469171113
51.4,80.52388469171112
51.1,80.52388469171112
53.7,80.5238846917111
55.3,80.52388469171107
56.4,80.52388469171105
56.2,80.523884691711
55.9,80.523884691711
57.2,80.523884691711
56.3,80.523884691711
58.3,80.52388469171102
59.8,80.52388469171103
59.0,80.52388469171103
60.6,80.52388469171102
59.8,80.52388469171099
60.7,80.52388469171098
61.7,80.52388469171095
61.7,80.52388469171093
62.1,80.52388469171093
62.0,80.52388469171093
62.5,80.52388469171095
61.1,80.52388469171098
63.6,80.52388469171098
63.5,80.52388469171099
62.8,80.52388469171102
64.3,80.52388469171103
65.8,80.52388469171106
65.2,80.52388469171106
65.6,80.52388469171109
65.3,80.52388469171112
67.4,80.52388469171112
65.7,80.5238846917111
65.5,80.52388469171109
64.2,80.52388469171107
66.2,80.52388469171106
65.7,80.52388469171106
66.6,80.5238846917111
66.7,80.52388469171115
66.1,80.52388469171119
67.9,80.52388469171122
68.8,80.52388469171122
67.4,80.52388469171119
68.3,80.52388469171117
67.6,80.52388469171117
67.0,80.52388469171115
67.0,80.52388469171113
69.2,80.52388469171113
68.9,80.52388469171116
67.9,80.52388469171119
71.9,80.52388469171117
71.4,80.52388469171117
72.8,80.52388469171117
70.2,80.52388469171117
69.5,80.52388469171115
71.9,80.52388469171115
74.7,80.52388469171116
74.2,80.52388469171115
74.1,80.52388469171117
77.4,80.52388469171117
77.5,80.52388469171116
77.9,80.52388469171115
77.0,80.52388469171115
77.0,80.52388469171113
77.3,80.52388469171112
76.8,80.52388469171115
76.2,80.52388469171117
75.5,80.52388469171117
76.4,80.52388469171119
76.0,80.5238846917112
75.4,80.52388469171117
75.4,80.52388469171115
76.5,80.52388469171112
77.5,80.52388469171109
78.0,80.5238846917111
77.7,80.52388469171113
77.4,80.52388469171112
78.2,80.52388469171112
79.3,80.52388469171115
77.6,80.52388469171115
80.2,80.52388469171116
80.1,80.5238846917112
80.4,80.52388469171117
80.7,80.52388469171117
81.7,80.52388469171119
82.0,80.52388469171117
82.1,80.52388469171115
82.2,80.52388469171112
82.8,80.52388469171109
82.4,80.52388469171107
83.7,80.5238846917111
85.2,80.52388469171112
87.2,80.52388469171113
88.0,80.52388469171116
87.5,80.52388469171119
88.5,80.5238846917112
90.0,80.52388469171119
90.6,80.52388469171117
90.9,80.52388469171115
92.6,80.52388469171115
95.0,80.52388469171117
95.4,80.52388469171119
96.3,80.52388469171115
98.9,80.52388469171112
99.8,80.5238846917111
101.0,80.5238846917111
100.0,80.52388469171112
100.2,80.52388469171115
101.2,80.52388469171116
102.2,80.52388469171115
102.1,80.52388469171115
102.0,80.52388469171115
102.2,80.52388469171115
102.9,80.52388469171112
104.2,80.52388469171109
105.9,80.5238846917111
104.9,80.52388469171115
106.0,80.52388469171116
105.6,80.52388469171117
46.5,80.52388469171116
47.4,80.52388469171115
47.5,80.52388469171112
47.3,80.52388469171113
48.4,80.52388469171115
48.8,80.52388469171112
50.2,80.52388469171107
54.5,80.52388469171109
59.4,80.52388469171112
61.5,80.52388469171115
62.3,80.52388469171115
65.3,80.52388469171115
67.3,80.52388469171112
67.7,80.52388469171112
67.2,80.52388469171113
67.9,80.52388469171112
68.0,80.52388469171113
67.6,80.52388469171112
69.1,80.52388469171113
71.5,80.52388469171115
73.0,80.52388469171115
73.5,80.52388469171112
73.9,80.52388469171115
76.0,80.52388469171112
76.5,80.52388469171109
76.2,80.52388469171107
76.5,80.52388469171106
76.4,80.52388469171103
77.2,80.523884691711
77.4,80.52388469171102
77.9,80.52388469171105
77.6,80.52388469171109
77.9,80.52388469171109
79.2,80.5238846917111
83.4,80.52388469171112
84.4,80.52388469171112
86.0,80.5238846917111
85.4,80.5238846917111
85.8,80.52388469171109
86.3,80.52388469171112
91.4,80.52388469171115
93.7,80.52388469171116
93.0,80.52388469171116
93.4,80.52388469171117
92.6,80.52388469171117
93.4,80.52388469171117
93.0,80.52388469171117
94.0,80.52388469171117
92.3,80.52388469171115
92.4,80.52388469171113
91.9,80.52388469171112
93.1,80.52388469171112
94.7,80.52388469171112
92.9,80.52388469171113
96.2,80.5238846917111
94.1,80.5238846917111
95.6,80.52388469171112
93.4,80.52388469171117
94.1,80.5238846917112
95.0,80.52388469171123
96.8,80.52388469171125
94.5,80.52388469171125
95.5,80.52388469171127
96.1,80.52388469171129
94.9,80.52388469171125
93.8,80.5238846917112
96.0,80.52388469171119
93.8,80.52388469171119
94.5,80.5238846917112
94.5,80.5238846917112
94.3,80.52388469171122
92.9,80.52388469171126
92.5,80.52388469171129
89.5,80.52388469171132
88.0,80.52388469171134
86.1,80.52388469171133
86.8,80.52388469171129
84.7,80.52388469171126
84.2,80.52388469171122
82.8,80.52388469171119
84.0,80.52388469171119
83.8,80.52388469171117
84.2,80.52388469171117
84.9,80.52388469171116
82.6,80.5238846917112
88.8,80.52388469171125
87.8,80.52388469171126
87.9,80.52388469171125
88.3,80.52388469171123
88.0,80.52388469171122
89.0,80.52388469171117
86.6,80.52388469171115
88.1,80.52388469171115
87.8,80.52388469171116
88.6,80.52388469171117
89.0,80.52388469171117
88.7,80.52388469171116
88.4,80.52388469171119
91.7,80.52388469171119
93.2,80.52388469171117
94.8,80.52388469171117
92.7,80.52388469171117
94.8,80.52388469171115
93.6,80.52388469171112
94.5,80.5238846917111
94.3,80.52388469171109
96.5,80.52388469171112
98.0,80.52388469171113
98.5,80.52388469171116
98.2,80.52388469171117
101.5,80.52388469171116
101.7,80.52388469171115
101.6,80.52388469171115
100.0,80.52388469171112
101.4,80.52388469171109
100.9,80.52388469171106
100.7,80.52388469171109
100.8,80.52388469171112
100.3,80.52388469171113
99.2,80.52388469171115
100.2,80.52388469171116
102.3,80.52388469171116
103.4,80.52388469171115
103.3,80.52388469171113
104.8,80.52388469171109
103.8,80.52388469171107
55.1,80.52388469171107
55.4,80.52388469171109
55.1,80.52388469171109
55.6,80.5238846917111
55.9,80.5238846917111
55.8,80.5238846917111
56.4,80.52388469171109
56.7,80.52388469171107
57.2,80.52388469171109
57.6,80.52388469171107
58.1,80.52388469171107
58.7,80.52388469171112
58.8,80.52388469171117
59.0,80.5238846917112
58.9,80.52388469171125
58.4,80.52388469171126
59.4,80.52388469171123
58.6,80.52388469171123
59.8,80.52388469171125
60.9,80.52388469171125
61.1,80.52388469171123
61.0,80.52388469171119
61.6,80.52388469171117
61.6,80.52388469171119
61.7,80.5238846917112
61.7,80.52388469171117
61.8,80.52388469171117
62.2,80.52388469171117
62.1,80.52388469171117
61.9,80.52388469171117
61.7,80.52388469171117
61.7,80.52388469171116
61.5,80.52388469171117
61.8,80.52388469171117
62.4,80.52388469171117
63.9,80.52388469171116
63.8,80.52388469171117
64.7,80.52388469171117
64.3,80.52388469171117
65.2,80.52388469171116
65.1,80.52388469171116
65.6,80.52388469171116
66.3,80.52388469171119
66.2,80.52388469171117
66.9,80.52388469171119
67.2,80.5238846917112
65.9,80.52388469171122
66.9,80.5238846917112
68.0,80.5238846917112
68.3,80.5238846917112
69.3,80.52388469171117
69.6,80.52388469171117
69.7,80.52388469171117
70.4,80.52388469171119
71.2,80.52388469171117
71.8,80.52388469171117
70.7,80.52388469171115
70.7,80.52388469171113
71.9,80.52388469171116
71.9,80.52388469171117
71.9,80.52388469171117
71.8,80.52388469171117
72.5,80.52388469171117
72.3,80.52388469171115
72.7,80.52388469171113
72.8,80.52388469171107
73.1,80.52388469171107
73.3,80.52388469171107
73.1,80.5238846917111
73.1,80.52388469171112
73.5,80.52388469171113
73.6,80.52388469171115
73.0,80.52388469171116
73.3,80.5238846917112
73.4,80.52388469171122
74.1,80.52388469171119
75.2,80.52388469171117
75.4,80.52388469171115
75.6,80.5238846917111
75.7,80.52388469171109
75.8,80.52388469171109
75.9,80.52388469171109
76.7,80.52388469171106
78.4,80.52388469171109
78.4,80.52388469171113
80.7,80.52388469171117
81.2,80.52388469171119
81.4,80.52388469171115
82.3,80.5238846917111
82.1,80.52388469171109
83.1,80.52388469171109
84.2,80.52388469171106
85.0,80.52388469171109
86.5,80.52388469171109
88.6,80.52388469171112
88.3,80.52388469171117
89.3,80.52388469171119
89.7,80.52388469171116
90.8,80.52388469171116
90.2,80.5238846917111
90.8,80.5238846917111
90.6,80.52388469171112
90.9,80.52388469171109
91.6,80.52388469171109
92.5,80.52388469171109
93.7,80.5238846917111
95.0,80.52388469171113
96.1,80.52388469171115
96.4,80.52388469171117
97.2,80.52388469171116
97.8,80.52388469171116
99.2,80.52388469171115
100.2,80.52388469171112
100.0,80.5238846917111
100.8,80.52388469171107
101.1,80.52388469171109
101.0,80.52388469171112
101.5,80.52388469171112
101.9,80.52388469171115
101.8,80.52388469171115
102.6,80.52388469171115
101.6,80.52388469171113
101.5,80.5238846917111
101.7,80.5238846917111
101.2,80.52388469171109
101.9,80.52388469171109
53.3,80.52388469171107
53.3,80.52388469171103
53.3,80.52388469171103
53.4,80.52388469171103
53.4,80.52388469171103
53.7,80.523884691711
55.6,80.523884691711
55.9,80.523884691711
56.1,80.52388469171103
56.2,80.52388469171105
56.1,80.52388469171106
56.3,80.52388469171106
56.5,80.52388469171107
56.5,80.52388469171105
56.5,80.52388469171103
56.5,80.52388469171105
56.6,80.52388469171105
56.6,80.52388469171106
56.7,80.52388469171106
58.5,80.5238846917111
59.1,80.52388469171115
59.2,80.52388469171119
59.4,80.52388469171117
59.9,80.52388469171117
60.1,80.52388469171119
60.9,80.52388469171119
61.1,80.52388469171116
61.5,80.52388469171113
61.6,80.5238846917111
61.7,80.52388469171113
62.1,80.52388469171115
62.4,80.52388469171119
62.2,80.52388469171119
65.4,80.52388469171115
66.3,80.52388469171113
66.4,80.52388469171115
66.9,80.52388469171113
66.7,80.52388469171115
66.9,80.52388469171115
67.0,80.52388469171116
69.3,80.52388469171119
69.8,80.5238846917112
70.9,80.52388469171119
71.3,80.52388469171119
71.9,80.52388469171119
71.5,80.52388469171119
72.2,80.52388469171117
71.5,80.52388469171119
71.5,80.52388469171117
72.5,80.52388469171116
72.6,80.52388469171115
71.5,80.52388469171117
70.9,80.52388469171119
70.9,80.52388469171123
71.3,80.52388469171125
71.3,80.52388469171123
71.3,80.52388469171122
71.5,80.52388469171117
72.0,80.52388469171116
75.2,80.52388469171116
76.2,80.52388469171117
75.9,80.52388469171119
76.2,80.5238846917112
76.8,80.52388469171122
76.7,80.52388469171123
76.6,80.52388469171129
76.4,80.52388469171129
76.8,80.52388469171127
77.0,80.52388469171123
76.8,80.52388469171122
76.9,80.52388469171123
76.6,80.52388469171122
77.4,80.5238846917112
76.9,80.5238846917112
76.8,80.5238846917112
78.8,80.5238846917112
79.6,80.5238846917112
80.2,80.52388469171122
81.3,80.52388469171123
81.9,80.52388469171126
82.1,80.52388469171126
82.5,80.52388469171125
82.8,80.52388469171126
81.7,80.52388469171126
82.6,80.52388469171126
83.7,80.52388469171127
83.9,80.52388469171126
84.1,80.52388469171125
84.2,80.52388469171126
84.9,80.52388469171126
85.0,80.52388469171126
87.7,80.52388469171127
89.1,80.52388469171126
89.8,80.52388469171125
90.2,80.52388469171126
90.9,80.52388469171126
88.9,80.52388469171126
89.0,80.52388469171125
89.4,80.52388469171126
89.0,80.52388469171129
89.6,80.52388469171129
89.7,80.52388469171129
89.8,80.5238846917113
89.8,80.52388469171129
91.9,80.52388469171129
92.2,80.52388469171129
92.8,80.52388469171126
93.7,80.52388469171129
94.1,80.52388469171129
94.3,80.52388469171127
94.4,80.52388469171126
98.6,80.52388469171126
99.6,80.52388469171123
100.0,80.52388469171123
101.1,80.5238846917112
101.4,80.5238846917112
101.3,80.52388469171123
101.3,80.52388469171126
101.2,80.52388469171126
101.3,80.52388469171126
101.0,80.52388469171125
101.2,80.52388469171126
101.8,80.52388469171126
101.9,80.52388469171122
102.1,80.5238846917112
102.8,80.52388469171119
63.4,80.52388469171117
64.3,80.52388469171113
64.0,80.52388469171112
64.5,80.52388469171112
63.7,80.52388469171116
63.7,80.52388469171117
64.4,80.5238846917112
65.1,80.5238846917112
64.5,80.5238846917112
65.0,80.52388469171119
65.4,80.52388469171117
65.3,80.52388469171115
64.9,80.52388469171113
65.4,80.52388469171115
66.3,80.52388469171115
67.1,80.52388469171116
66.4,80.52388469171117
66.9,80.52388469171117
67.0,80.52388469171113
67.9,80.5238846917111
67.5,80.52388469171112
67.2,80.52388469171112
67.5,80.52388469171109
67.4,80.52388469171106
67.8,80.52388469171106
67.8,80.52388469171103
67.7,80.523884691711
67.5,80.52388469171099
68.3,80.52388469171099
68.3,80.523884691711
69.3,80.52388469171103
69.6,80.52388469171105
69.6,80.52388469171107
72.7,80.5238846917111
72.6,80.5238846917111
73.0,80.5238846917111
75.0,80.52388469171113
77.4,80.52388469171113
78.3,80.52388469171112
77.9,80.5238846917111
77.9,80.5238846917111
77.1,80.5238846917111
79.4,80.5238846917111
80.0,80.52388469171107
81.5,80.52388469171106
81.8,80.52388469171106
81.5,80.52388469171107
82.3,80.5238846917111
81.0,80.52388469171113
83.0,80.52388469171115
83.6,80.52388469171112
82.3,80.52388469171112
82.0,80.5238846917111
83.0,80.52388469171106
83.3,80.52388469171103
82.9,80.52388469171105
83.1,80.52388469171107
82.8,80.52388469171107
81.9,80.52388469171109
82.2,80.52388469171113
82.2,80.52388469171113
81.8,80.52388469171112
81.2,80.52388469171113
83.1,80.52388469171112
84.9,80.52388469171109
85.3,80.5238846917111
85.1,80.5238846917111
85.3,80.52388469171107
85.8,80.52388469171107
85.6,80.52388469171112
85.7,80.52388469171115
86.0,80.52388469171116
86.0,80.52388469171117
86.5,80.52388469171116
86.8,80.52388469171117
87.4,80.52388469171117
87.4,80.52388469171116
87.6,80.52388469171113
87.7,80.52388469171109
88.7,80.52388469171109
88.6,80.52388469171113
88.8,80.52388469171115
88.5,80.52388469171112
89.5,80.52388469171115
90.2,80.52388469171115
90.7,80.52388469171112
90.2,80.52388469171112
90.2,80.52388469171113
90.2,80.52388469171116
90.3,80.52388469171117
90.3,80.52388469171117
93.0,80.52388469171119
94.4,80.52388469171117
95.5,80.52388469171115
96.5,80.52388469171112
96.7,80.52388469171107
96.5,80.52388469171106
96.3,80.52388469171106
96.0,80.52388469171106
96.3,80.52388469171106
97.2,80.52388469171109
97.0,80.52388469171113
96.8,80.52388469171115
97.6,80.52388469171112
98.4,80.52388469171113
99.2,80.52388469171116
99.2,80.52388469171115
99.7,80.52388469171112
100.9,80.52388469171113
99.8,80.52388469171112
100.0,80.5238846917111
101.6,80.52388469171107
100.6,80.52388469171109
100.0,80.52388469171109
99.2,80.52388469171112
98.8,80.52388469171116
98.9,80.52388469171117
99.6,80.52388469171117
99.6,80.52388469171115
99.2,80.52388469171115
99.5,80.52388469171116
99.7,80.52388469171115
98.7,80.52388469171113
99.6,80.52388469171112
100.4,80.52388469171112
100.8,80.52388469171112
71.5,80.52388469171115
72.7,80.52388469171116
71.5,80.52388469171115
71.2,80.52388469171116
72.1,80.52388469171116
71.7,80.52388469171113
72.9,80.52388469171112
73.0,80.52388469171112
72.9,80.5238846917111
74.6,80.52388469171112
74.7,80.52388469171112
75.0,80.52388469171113
75.0,80.52388469171115
74.4,80.52388469171115
75.5,80.52388469171115
75.3,80.52388469171115
74.5,80.52388469171113
74.5,80.52388469171112
76.4,80.52388469171112
76.9,80.5238846917111
77.6,80.5238846917111
77.6,80.52388469171113
77.6,80.52388469171117
78.1,80.52388469171122
77.5,80.52388469171123
77.2,80.52388469171123
76.8,80.52388469171125
76.2,80.52388469171125
75.7,80.52388469171123
75.9,80.5238846917112
76.3,80.52388469171116
76.4,80.52388469171113
76.0,80.52388469171112
76.4,80.52388469171112
76.6,80.52388469171115
77.1,80.52388469171116
77.0,80.52388469171119
76.9,80.52388469171117
76.2,80.52388469171115
76.2,80.52388469171113
77.0,80.52388469171113
76.1,80.52388469171113
77.0,80.52388469171112
77.8,80.52388469171112
77.3,80.52388469171115
77.4,80.52388469171113
77.7,80.52388469171112
79.5,80.52388469171112
79.9,80.5238846917111
79.9,80.52388469171107
80.4,80.52388469171106
80.0,80.52388469171106
80.5,80.52388469171107
79.8,80.5238846917111
81.2,80.52388469171116
81.0,80.5238846917112
80.7,80.52388469171117
82.2,80.52388469171119
82.2,80.5238846917112
81.6,80.52388469171122
81.7,80.5238846917112
81.5,80.52388469171122
80.4,80.5238846917112
80.6,80.5238846917112
81.7,80.52388469171119
81.2,80.52388469171119
80.7,80.52388469171119
82.1,80.52388469171117
82.0,80.52388469171119
82.6,80.52388469171119
83.1,80.52388469171119
82.9,80.52388469171119
83.2,80.5238846917112
83.6,80.5238846917112
83.2,80.52388469171119
84.0,80.52388469171117
84.1,80.52388469171117
84.3,80.52388469171117
84.1,80.5238846917112
84.6,80.52388469171119
85.1,80.52388469171119
85.4,80.5238846917112
86.2,80.52388469171123
88.8,80.52388469171126
88.8,80.52388469171126
90.2,80.52388469171125
91.9,80.52388469171123
92.3,80.52388469171123
91.9,80.52388469171122
92.6,80.52388469171119
92.5,80.52388469171116
92.7,80.52388469171113
93.4,80.52388469171113
93.2,80.52388469171115
94.0,80.52388469171115
94.9,80.52388469171116
94.4,80.52388469171117
93.9,80.52388469171116
93.5,80.52388469171115
94.0,80.52388469171115
94.2,80.52388469171115
93.8,80.52388469171107
95.5,80.5238846917111
96.1,80.52388469171113
95.8,80.52388469171115
96.2,80.52388469171117
96.6,80.52388469171116
98.2,80.52388469171115
99.7,80.52388469171115
100.1,80.5238846917111
100.3,80.52388469171109
99.5,80.52388469171106
100.5,80.52388469171106
100.0,80.52388469171109
101.0,80.52388469171112
100.6,80.52388469171115
100.9,80.52388469171116
100.6,80.52388469171116
101.8,80.52388469171115
101.7,80.52388469171112
102.7,80.52388469171109
103.4,80.52388469171109
103.4,80.52388469171109
102.7,80.52388469171109
103.0,80.52388469171113
102.8,80.52388469171115
