SubclassDescription,Model,Serial_Correlation_P_Value,No_Serial_Correlation,ARCH_LM_P_Value,No_ARCH_Effects,Normality_P_Value,Skewness,Kurtosis,Normal_Residuals,CUSUM_P_Value,Stable_Parameters,Passed_Core_Diagnostics,Passed_All_Diagnostics
Baby food,Symmetric level,0.002989939055926218,False,0.9993782282687045,True,2.352715200013452e-82,1.5797272319416762,12.008231064626793,False,0.3796197105702378,True,False,False
Bread and bakery products,Symmetric level,0.3658723229975678,True,0.13663320739225096,True,0.01974937630439985,0.57849587657824,3.7511475387848523,False,0.7180028873197644,True,True,False
Breakfast cereals,Symmetric level,0.17010888538113647,True,0.4575246343715018,True,8.251456320698748e-12,0.028189312081085015,6.517166604102117,False,0.6974603597809171,True,True,False
Cereals,Symmetric level,0.25380709766018333,True,0.151728241997694,True,0.30271052907799967,-0.3411193102384918,3.3375409205756226,True,0.6087787507226993,True,True,True
Cheese,Symmetric level,0.5203729681448096,True,0.5196593413587567,True,0.8886443746338365,0.025859814530448957,2.766407628318745,True,0.7562948545880172,True,True,True
"Chocolate, cocoa, and cocoa-based food products",Symmetric level,0.13414904313284748,True,0.6476564859507892,True,0.6255959782642948,0.12753976489279675,3.402930349610231,True,0.7050041993388005,True,True,True
Coffee and coffee substitutes,Symmetric level,0.07191269206766215,True,0.2925959564796305,True,7.898719953874799e-11,1.0056802710550108,5.689395078553835,False,0.6296735376315803,True,True,False
"Dates, figs and tropical fruits, fresh",Symmetric level,0.009029343918819077,False,0.5932603472256321,True,0.3442666552566976,-0.2967643986956794,3.40587719743735,True,0.9434237804200228,True,False,False
Eggs,Symmetric level,0.0655065778658278,True,0.9679820475894905,True,4.07549451972445e-201,2.129814221018779,17.33777321818133,False,0.9481526175771798,True,True,False
Fish,Symmetric level,0.13351838290380755,True,0.2524970257647351,True,0.2544392386237471,0.40573609520237786,3.0715661785655057,True,0.7636999577964829,True,True,True
Fish preparations,Symmetric level,0.21024282962879298,True,0.09272092451111988,True,0.22288995522972704,-0.39052771095802863,3.343143391645072,True,0.8017030808742944,True,True,True
Flour of cereals,Symmetric level,0.14472506146304176,True,0.3192476088433464,True,0.07262688545582922,-0.035445715067835365,4.125366970603511,True,0.6400139474577912,True,True,True
Fruit and nuts ground and other preparations,Symmetric level,0.15191557988126053,True,0.9769108132026039,True,2.1646117969677117e-05,0.2380744042277182,5.231790062580343,False,0.8441956769743193,True,True,False
Fruit and vegetable juices,Symmetric level,0.10103107232070899,True,0.9916917293163598,True,0.0,-2.3973725820187175,21.588596996618776,False,0.5869620428107796,True,True,False
"Fruit-bearing vegetables, fresh or chilled",Symmetric level,0.0012433297584135683,False,0.6130404487572281,True,0.9300579501164719,0.04650807949420676,2.837200817822807,True,0.7358601087352481,True,False,False
"Ice, ice cream and sorbet",Symmetric level,0.25947940592550656,True,0.9430421536119376,True,0.7599173573259603,-0.12044354699320643,3.274019018029206,True,0.2691785532164384,True,True,True
"Leafy or stem vegetables, fresh or chilled",Symmetric level,0.8804877191613971,True,0.3739669339926082,True,0.8504396171361039,-0.052378874586366385,2.7400535179388474,True,0.8997611897273349,True,True,True
"Macaroni, noodles, couscous and similar pasta products",Symmetric level,0.0039981571373780035,False,0.329621382119846,True,0.033100584205114095,0.485655941180539,3.84203084320416,False,0.49035393970393143,True,False,False
Margarine and similar preparations,Symmetric level,0.06963267392188568,True,0.2264302587668673,True,0.14217349611220062,0.39513537357254497,3.566806456249385,True,0.29723007862880635,True,True,True
"Meat , dried, salted, in brine or smoked",Symmetric level,0.269905986187275,True,0.64916264232843,True,0.5764880093446377,0.17338583975514876,3.3831505002298456,True,0.7015533703275159,True,True,True
"Meat, fresh, chilled or frozen",Symmetric level,0.26922209692910787,True,0.07494114111406973,True,0.0001513536556822914,0.8757672564567317,4.093984210673939,False,0.9373380971945745,True,True,False
"Meat, offal, blood and other parts of slaughtered animals preparations",Symmetric level,0.5680470147721237,True,0.5630966880878616,True,1.0554641129593696e-54,1.4207630817665091,10.223947737126823,False,0.6381879186918281,True,True,False
Milk,Symmetric level,0.008252009463235356,False,0.003993874814895914,False,0.05542705607706588,0.5524559701869328,3.4262449066360556,True,0.4176032071596958,True,False,False
Milk-based desserts and beverages,Symmetric level,0.006247413077495989,False,0.7235843273268008,True,0.28612212097527695,-0.2579323546358565,3.583602808660981,True,0.3362376063215827,True,False,False
"Nut puree, nut butter and nut pastes",Symmetric level,0.2778636456731567,True,0.7610296871523468,True,0.9569034915905029,0.051906784091824455,3.102867127972352,True,0.955881294014785,True,True,True
"Offal, blood and other parts of slaughtered animals",Symmetric level,0.32823281378064917,True,0.7236623215770128,True,2.727749889730938e-43,1.566353702062835,9.140441386006403,False,0.7134430614804881,True,True,False
Other food products n.e.c.,Symmetric level,0.010564834405063497,False,0.08738706591073045,True,1.1559959346272903e-09,0.42216376685946677,6.0437592429423885,False,0.6549688963191225,True,False,False
"Other fruits, fresh",Symmetric level,0.375749900639166,True,0.6992947987957925,True,4.389323176009385e-05,0.20127400545467058,5.168594888225943,False,0.6515998021180762,True,True,False
Other milk and cream,Symmetric level,0.06120331564371636,True,0.8101801426559311,True,0.5687920461183977,-0.003943296825011339,3.5229807807313107,True,0.4106555989017254,True,True,True
Other non-alcoholic beverages,Symmetric level,0.0316114514184041,False,0.29113390681011536,True,0.2836266215821678,0.39016701429035866,3.0451080935865313,True,0.8167664164833616,True,False,False
"Other sugar, confectionery and dessert",Symmetric level,0.1796707437200673,True,0.9971859676468645,True,8.864641830473363e-101,1.8284894370303584,12.91591781794778,False,0.9813011212658866,True,True,False
"Other vegetables, fresh or chilled",Symmetric level,0.6884571570970365,True,0.14928798693756945,True,7.44638677531419e-07,0.4590394885968824,5.4491878087843855,False,0.6929426554497777,True,True,False
Pulses,Symmetric level,0.36777705531694166,True,0.9218483386574878,True,0.3704503050551728,0.023692801463740813,3.692261938411733,True,0.4488449353668778,True,True,True
Ready-made food,Symmetric level,0.24005752940350736,True,0.4317350123937241,True,0.29489629371689385,0.3838330364220454,3.0524649720619608,True,0.4039450221803749,True,True,True
"Salt, condiments and sauces",Symmetric level,0.15664554430468905,True,0.9642567667861695,True,0.022884649898297936,0.36952618520482644,4.133672966684398,False,0.8445598415528365,True,True,False
Soft drinks,Symmetric level,0.09604383853080264,True,0.9185086697149842,True,1.8689073226933892e-28,1.5312972974705148,7.645067217646098,False,0.9728583858568542,True,True,False
"Spices, culinary herbs and seeds",Symmetric level,0.46006789247663926,True,0.9068183621342737,True,0.009123042870259487,0.05555847761507983,4.504979410454355,False,0.39607158925349323,True,True,False
"Stone fruits and pome fruits, fresh",Symmetric level,0.05881309424380853,True,0.016079533782948276,False,0.004590048644264823,0.40776150557853336,4.394733250442948,False,0.7153135644670607,True,False,False
Sugar,Symmetric level,0.6937981088538817,True,0.9507881246741035,True,3.4344073461617746e-42,1.4782534305132606,9.127792843599979,False,0.9666690170605502,True,True,False
Tea and other plant products for infusion,Symmetric level,0.6873019912501668,True,0.10905594071232978,True,0.3050005986362401,0.3246961481182282,3.3924523881018773,True,0.663436436727422,True,True,True
Tubers,Symmetric level,0.008899604997248897,False,0.3664591330583104,True,7.347072409845837e-05,0.35996031477972523,5.0240564442834525,False,0.6641730956361543,True,False,False
Vegetable oils,Symmetric level,0.44187443544567007,True,0.0059698214614066795,False,4.4523946577717435e-21,0.655424747138081,7.582802989464985,False,0.7984495290089848,True,False,False
Vegetables and pulses ground and other preparations,Symmetric level,0.28590037866275503,True,0.3433179614531378,True,0.4517862655084979,0.23390800212421956,3.4079002901798554,True,0.6101960768778817,True,True,True
"Vegetables, tubers, plantains and cooking bananas, frozen",Symmetric level,0.4747450550819472,True,0.8184630360322062,True,0.08488449765074235,-0.10572735267008829,4.072915720294453,True,0.533432850158346,True,True,True
Water,Symmetric level,0.9706883853578014,True,0.31892299907054433,True,0.0893594200958013,-0.3701308857063611,3.789281043067743,True,0.6953378592353912,True,True,True
Yoghurt and similar products,Symmetric level,0.32573546136577053,True,0.7645462785428316,True,9.902321273713905e-12,0.9683903842832777,5.9213170495189535,False,0.5701837876832707,True,True,False
Baby food,Asymmetric level,0.0067654613264912684,False,0.9998060101797469,True,3.9792584767958597e-103,1.7763683234363532,13.08454978174146,False,0.7563456157814599,True,False,False
Bread and bakery products,Asymmetric level,0.22607797034383567,True,0.7500081410912626,True,0.20954230087171907,0.38013670937775423,3.42393385678851,True,0.5404725028414294,True,True,True
Breakfast cereals,Asymmetric level,0.17521512476989834,True,0.21307782384708565,True,3.7544552464488524e-13,-0.10025221094873694,6.719090559120441,False,0.8341243371067768,True,True,False
Cereals,Asymmetric level,0.10265713602553016,True,0.6101591264223611,True,0.43480386437859986,-0.31301031767634063,2.8908707754241254,True,0.7822962350101531,True,True,True
Cheese,Asymmetric level,0.5987585757178782,True,0.5125111117554337,True,0.9163218403320808,0.01917134633620225,2.7977635195798625,True,0.9310332758264414,True,True,True
"Chocolate, cocoa, and cocoa-based food products",Asymmetric level,0.08376537685280577,True,0.654263723960415,True,0.5015480236437868,0.23707041946166982,3.3313050411247436,True,0.9584927738536824,True,True,True
Coffee and coffee substitutes,Asymmetric level,0.027148547299874676,False,0.3044593576155759,True,1.03958895744751e-08,1.0340605354582586,5.152972351744337,False,0.8269333898560884,True,False,False
"Dates, figs and tropical fruits, fresh",Asymmetric level,0.2399196470100472,True,0.8278943649149745,True,0.3984547083142846,-0.3033690736608789,3.2792985890785897,True,0.9824450828595973,True,True,True
Eggs,Asymmetric level,0.08096067528475581,True,0.9543529696496078,True,1.694465775621614e-197,2.1045147348774993,17.211268121325823,False,0.9144045507564407,True,True,False
Fish,Asymmetric level,0.18418163660218628,True,0.1133002585802594,True,0.3759082484138578,0.3443728122282385,2.9968123967747013,True,0.6399896025599343,True,True,True
Fish preparations,Asymmetric level,0.32464666617946647,True,0.25883283845867444,True,0.22040800437393768,-0.4010302048110596,3.29987211594895,True,0.9516850496799192,True,True,True
Flour of cereals,Asymmetric level,0.071499695009708,True,0.1463655338139851,True,0.4817510198760394,-0.02435762862547527,3.593064227119336,True,0.8634130158169107,True,True,True
Fruit and nuts ground and other preparations,Asymmetric level,0.20772369622664566,True,0.9702606293307323,True,5.1913879426872066e-05,0.3065750724087224,5.099410723472016,False,0.9236691132147457,True,True,False
Fruit and vegetable juices,Asymmetric level,0.006071902004029783,False,0.9947016967317553,True,3.098280029736152e-68,-1.2620605526737139,11.306386452103906,False,0.6755857371635583,True,False,False
"Fruit-bearing vegetables, fresh or chilled",Asymmetric level,0.05422545594425922,True,0.8482038858144743,True,0.6691726705017857,0.06490697566899888,2.5781963133826578,True,0.7831607260833482,True,True,True
"Ice, ice cream and sorbet",Asymmetric level,0.30014561755703717,True,0.980975425975356,True,0.9595404824169195,-0.06473601936108485,3.0571104940444256,True,0.47521595290885443,True,True,True
"Leafy or stem vegetables, fresh or chilled",Asymmetric level,0.7923407587685254,True,0.4792376352404467,True,0.9642751571247894,-0.06640075916159625,2.998635398960816,True,0.9774760099999589,True,True,True
"Macaroni, noodles, couscous and similar pasta products",Asymmetric level,0.003007288040463361,False,0.056848057620845105,True,0.014991635164842991,0.4731997931233888,4.068091251204558,False,0.5698905350523038,True,False,False
Margarine and similar preparations,Asymmetric level,0.5907030338726231,True,0.011642344869621412,False,0.030632482494494843,0.4977315244121664,3.8361141818099798,False,0.7366508713877433,True,False,False
"Meat , dried, salted, in brine or smoked",Asymmetric level,0.18074782899883224,True,0.5235591676716367,True,0.8077748778474211,0.1440034658599487,3.1433649986022614,True,0.8480595622684486,True,True,True
"Meat, fresh, chilled or frozen",Asymmetric level,0.23698902965634808,True,0.005095636497847988,False,2.764406343335607e-06,1.0342068173169792,4.388195914381381,False,0.7168151385386679,True,False,False
"Meat, offal, blood and other parts of slaughtered animals preparations",Asymmetric level,0.4945110246606126,True,0.36164996928726606,True,6.497060195423234e-63,1.4544677051136468,10.807962727916681,False,0.6797467063510867,True,True,False
Milk,Asymmetric level,0.024127785215199978,False,0.017292725402090876,False,0.11564355776402761,0.4525591356696471,3.4761267890236005,True,0.504449982651513,True,False,False
Milk-based desserts and beverages,Asymmetric level,0.12172158340423482,True,0.5729198357030765,True,0.014447991736549353,-0.5515029522449415,3.9153020834646473,False,0.6461665885748067,True,True,False
"Nut puree, nut butter and nut pastes",Asymmetric level,0.16522461685673492,True,0.564437710356392,True,0.6005516191220678,-0.03892219523763193,3.491088314389236,True,0.8800694022577681,True,True,True
"Offal, blood and other parts of slaughtered animals",Asymmetric level,0.43509520464250706,True,0.5709588491108448,True,2.812357092582412e-35,1.363448356972328,8.58004131916933,False,0.9542250289400251,True,True,False
Other food products n.e.c.,Asymmetric level,0.04683836390015481,False,0.10250648311740694,True,0.002632265162051792,0.3149711128108593,4.57579485042474,False,0.4128296229501915,True,False,False
"Other fruits, fresh",Asymmetric level,0.32942340832270744,True,0.8845877350518966,True,0.0017952681621495104,0.07936224350012047,4.743648471282516,False,0.7308203027657647,True,True,False
Other milk and cream,Asymmetric level,0.025741476045563313,False,0.6488133656516566,True,0.13597939929387548,-0.3393508876084549,3.7118698978527913,True,0.722798256229118,True,False,False
Other non-alcoholic beverages,Asymmetric level,0.027379799927974388,False,0.10308174933957494,True,0.4470963546407325,0.31226926393985255,2.9843309963591,True,0.9525406231774561,True,False,False
"Other sugar, confectionery and dessert",Asymmetric level,0.21503131320739913,True,0.9991282170794665,True,5.0775840182506906e-126,1.9106751670881623,14.192698475057245,False,0.7176806355704406,True,True,False
"Other vegetables, fresh or chilled",Asymmetric level,0.7534037615167932,True,0.053143777475472366,True,5.235558546191943e-07,0.6517011489890565,5.305064613052148,False,0.7278302374375383,True,True,False
Pulses,Asymmetric level,0.14417963042598203,True,0.9358304885313962,True,0.4089322129444305,0.02909563840122392,3.6558720447132185,True,0.6700048759098669,True,True,True
Ready-made food,Asymmetric level,0.17063618371483932,True,0.26534116651440587,True,0.38889740070285855,0.28879288764377337,2.647431084447359,True,0.4727618370635545,True,True,True
"Salt, condiments and sauces",Asymmetric level,0.11839325106026048,True,0.9220985167842993,True,0.046662016988262486,0.3205966097695141,4.0367482380120885,False,0.784769284004614,True,True,False
Soft drinks,Asymmetric level,0.17422630342687878,True,0.9004034014922695,True,3.3055479280077957e-24,1.4847313274058922,7.170889958918888,False,0.8235436025839165,True,True,False
"Spices, culinary herbs and seeds",Asymmetric level,0.7817846740970817,True,0.43350647483958027,True,0.3409167075820072,0.22316725892546835,3.567925381701568,True,0.7954833929531195,True,True,True
"Stone fruits and pome fruits, fresh",Asymmetric level,0.16270741851070938,True,0.6116316280173781,True,0.015561453197569802,0.5005214666388709,4.008125540104594,False,0.8924696243374771,True,True,False
Sugar,Asymmetric level,0.6807786275950115,True,0.959122425093732,True,5.939793279490395e-49,1.4931309080249602,9.702405392919099,False,0.8247703602826129,True,True,False
Tea and other plant products for infusion,Asymmetric level,0.6373580904430489,True,0.13664105888391276,True,0.35421832073598447,0.310328016798919,3.343485264730527,True,0.7882410869630309,True,True,True
Tubers,Asymmetric level,0.008123092307337883,False,0.3229064451233231,True,5.24325323726673e-05,0.28749161665651407,5.1090407433605876,False,0.7264587406421672,True,False,False
Vegetable oils,Asymmetric level,0.5774286239033791,True,0.004369484781638122,False,8.658211039834516e-23,0.9030343681613096,7.622648470138434,False,0.8637071503178054,True,False,False
Vegetables and pulses ground and other preparations,Asymmetric level,0.5581345322428166,True,0.1484857405855709,True,0.20623331873554063,0.3641945203424088,3.4846674759135485,True,0.8236231416848487,True,True,True
"Vegetables, tubers, plantains and cooking bananas, frozen",Asymmetric level,0.5702269564281943,True,0.7423928857219482,True,0.06098196981627955,0.001007353461609566,4.164561285792095,True,0.7157313043117026,True,True,True
Water,Asymmetric level,0.8085554757343228,True,0.4445301301380826,True,0.0545136446358858,-0.22884630854470467,4.095942163182296,True,0.7986821855005628,True,True,True
Yoghurt and similar products,Asymmetric level,0.2482827845835234,True,0.6974177529289327,True,1.0018500339120875e-07,0.8659282356981741,5.194222244910243,False,0.8986397675971949,True,True,False
Baby food,Symmetric short run,0.0026126784825824876,False,0.9990770488521008,True,1.3304207833040145e-90,1.8264561755620572,12.32707080637707,False,0.4849334585776134,True,False,False
Bread and bakery products,Symmetric short run,0.37953695990305075,True,0.20129066171588716,True,0.01024975837827618,0.65411544805569,3.713709298804365,False,0.6608455470558907,True,True,False
Breakfast cereals,Symmetric short run,0.16617491956446329,True,0.4993185745865495,True,1.2813825565276124e-09,0.13506905020327922,6.1391808328096795,False,0.16739681218435234,True,True,False
Cereals,Symmetric short run,0.6077027021179606,True,0.45461376519097174,True,4.71671917840853e-05,0.7160640089582512,4.667026932322525,False,0.41476275501441584,True,True,False
Cheese,Symmetric short run,0.35444137155168753,True,0.3375423168098427,True,0.7413140746899198,0.13236196008500298,2.726044939705373,True,0.09233508219168761,True,True,True
"Chocolate, cocoa, and cocoa-based food products",Symmetric short run,0.06038864716883942,True,0.11567262206542199,True,0.4689933846624076,0.29057201488470646,3.171413835870204,True,0.05774032915181231,True,True,True
Coffee and coffee substitutes,Symmetric short run,0.3028091224779567,True,0.776184456672321,True,4.854914421910859e-07,0.8722345599127448,5.001400827510182,False,0.07442828006487152,True,True,False
"Dates, figs and tropical fruits, fresh",Symmetric short run,0.09284840874798662,True,0.7539012863174536,True,0.06628233872153079,-0.4832586383137272,3.617771471585012,True,0.9999877891828376,True,True,True
Eggs,Symmetric short run,0.3154769029034809,True,0.9997770949207481,True,1.4629765381110304e-208,2.3334371666322102,17.49993206955987,False,0.56746205634047,True,True,False
Fish,Symmetric short run,0.16203835860263463,True,0.40037751556825407,True,0.20486807992255962,0.43784365232242584,2.9570441096847246,True,0.36273540945463334,True,True,True
Fish preparations,Symmetric short run,0.2813589698960028,True,0.13661328044303234,True,0.4585939551393746,-0.28665350440592036,3.2220408689221642,True,0.9929754624033648,True,True,True
Flour of cereals,Symmetric short run,0.21644377438931667,True,0.13212129366818506,True,0.02218953011212884,0.14907561170359737,4.325697626181619,False,0.7103215731383228,True,True,False
Fruit and nuts ground and other preparations,Symmetric short run,0.2809639970373782,True,0.9914484131669494,True,4.26029744999437e-07,0.27834616206552,5.608106229031492,False,0.7574241364615686,True,True,False
Fruit and vegetable juices,Symmetric short run,0.18940434615287766,True,0.9999868217329694,True,0.0,-2.8642779326904946,23.717506630932785,False,0.4530168829785454,True,True,False
"Fruit-bearing vegetables, fresh or chilled",Symmetric short run,0.032786056744626674,False,0.632502808109908,True,0.6830298743405053,-0.09560580857248366,2.614940981925384,True,0.7493974587866682,True,False,False
"Ice, ice cream and sorbet",Symmetric short run,0.16144515832589665,True,0.9702703925599699,True,0.809866239323716,-0.14230010579098754,3.145775735932607,True,0.1473681802848172,True,True,True
"Leafy or stem vegetables, fresh or chilled",Symmetric short run,0.9536041528446317,True,0.7440030958337556,True,0.997733960514042,-0.012158560493911726,2.9774476131038266,True,0.7167244067934762,True,True,True
"Macaroni, noodles, couscous and similar pasta products",Symmetric short run,0.0009442717752819793,False,0.2855743692114587,True,6.339731684666144e-06,0.7502145617090102,4.884597026999836,False,0.9100645252608934,True,False,False
Margarine and similar preparations,Symmetric short run,0.09989493005953204,True,0.2979493564312708,True,0.18221350007302584,0.36354099498045156,3.544833251372464,True,0.10497427260116758,True,True,True
"Meat , dried, salted, in brine or smoked",Symmetric short run,0.20311601819789235,True,0.713864507521256,True,0.2157260601785096,0.17023739919974512,3.7922823330245903,True,0.2728734984514804,True,True,True
"Meat, fresh, chilled or frozen",Symmetric short run,0.35595233649356434,True,0.07769150208032653,True,0.00011406228247856729,0.8860352929399674,4.123206009536929,False,0.8681527018740116,True,True,False
"Meat, offal, blood and other parts of slaughtered animals preparations",Symmetric short run,0.49088719330337105,True,0.5073683376511056,True,3.676353967630229e-45,1.2827885801751135,9.559329186935347,False,0.5344547787793806,True,True,False
Milk,Symmetric short run,0.4389821395646074,True,0.764510507860358,True,0.5711741720285186,-0.09720965259172323,3.4834727528511156,True,0.7843847509726966,True,True,True
Milk-based desserts and beverages,Symmetric short run,0.08848880110708082,True,0.5437860130879326,True,0.021082959529757993,-0.47705881160280855,3.98021964508483,False,0.22413971136792943,True,True,False
"Nut puree, nut butter and nut pastes",Symmetric short run,0.07172794367036213,True,0.9814388533240104,True,0.6873071266802309,0.11622292978677165,3.3574556105986693,True,0.89848066856027,True,True,True
"Offal, blood and other parts of slaughtered animals",Symmetric short run,0.6051781577661208,True,0.8150640525196374,True,2.7253532071702844e-47,1.6889860582569487,9.369790125178028,False,0.2504165103696397,True,True,False
Other food products n.e.c.,Symmetric short run,0.04466021060210951,False,0.26887526327469935,True,3.2448180205546714e-07,0.4947145005528173,5.503031982178515,False,0.12652665367621585,True,False,False
"Other fruits, fresh",Symmetric short run,0.3537699998495085,True,0.5525420449017231,True,0.00010051243689461726,0.37292396875716605,4.976575885229281,False,0.8770433067436703,True,True,False
Other milk and cream,Symmetric short run,0.28316364884735695,True,0.46940524966155095,True,0.23558185136109694,0.1124542742908902,3.806449054647988,True,0.5269656395365201,True,True,True
Other non-alcoholic beverages,Symmetric short run,0.07359499050567926,True,0.25538969473824935,True,0.2001102285922677,0.42211056242662304,3.2595324227039004,True,0.31630257792229344,True,True,True
"Other sugar, confectionery and dessert",Symmetric short run,0.27981494500825466,True,0.9995628957267408,True,1.176969917953144e-69,1.543674668079165,11.211041890991316,False,0.6721600701965503,True,True,False
"Other vegetables, fresh or chilled",Symmetric short run,0.650460554916251,True,0.0017352782193194639,False,0.11846645043208025,0.24703964031997108,3.8888916244733776,True,0.9157578103789,True,False,False
Pulses,Symmetric short run,0.4141254196143711,True,0.5153044117085621,True,0.5120650628754,0.20065345408386068,3.4043063134247133,True,0.8277595725115069,True,True,True
Ready-made food,Symmetric short run,0.346861411395609,True,0.25197192128920426,True,0.3442610222997962,0.3532421696276326,3.1337929159861866,True,0.09531820635578347,True,True,True
"Salt, condiments and sauces",Symmetric short run,0.2063548891250563,True,0.9600901361044988,True,0.021701752689537217,0.38796936517975017,4.120296577393348,False,0.7597452780831209,True,True,False
Soft drinks,Symmetric short run,0.06393887896475084,True,0.8347619367022183,True,2.9367520926300737e-34,1.6707745508651777,8.125376732843943,False,0.7410860169332685,True,True,False
"Spices, culinary herbs and seeds",Symmetric short run,0.8200347240547703,True,0.858899986170389,True,0.00903786798084429,-0.11430716679772031,4.4931823109902735,False,0.09613923604630517,True,True,False
"Stone fruits and pome fruits, fresh",Symmetric short run,0.13947528917199253,True,0.22689066343278805,True,0.14630681644296634,0.3551573380425141,3.653724552502586,True,0.25964236526616513,True,True,True
Sugar,Symmetric short run,0.936076910601528,True,0.9945263984621919,True,4.7950146557705e-47,1.574866839860851,9.464531732883264,False,0.9023673794243189,True,True,False
Tea and other plant products for infusion,Symmetric short run,0.64877988100734,True,0.17645513899016788,True,0.2945766417662971,0.35442127711650645,3.3002196547443083,True,0.4792212703252762,True,True,True
Tubers,Symmetric short run,0.018617096261155673,False,0.503244811189896,True,0.00010272824251605704,0.252845910186624,5.048620204471077,False,0.53280285667762,True,False,False
Vegetable oils,Symmetric short run,0.5124090828173482,True,0.005282783630265097,False,1.506611298666445e-18,0.48912641518046,7.3519637005694065,False,0.2456441371022094,True,False,False
Vegetables and pulses ground and other preparations,Symmetric short run,0.31401126358804426,True,0.47270281474660447,True,0.43628629981665534,0.13821478916838836,3.570742905400157,True,0.8391391426094497,True,True,True
"Vegetables, tubers, plantains and cooking bananas, frozen",Symmetric short run,0.4669843560258218,True,0.9418987379024067,True,0.48852461614827725,-0.08987972038070528,3.561262176452816,True,0.14550190229536114,True,True,True
Water,Symmetric short run,0.9624805015238956,True,0.3729232279425566,True,0.1018663227001956,-0.34782383974465797,3.789628878894189,True,0.37116197635928677,True,True,True
Yoghurt and similar products,Symmetric short run,0.1942164760702291,True,0.9804149189918719,True,1.101595711854792e-27,1.3951388035146142,7.723385350731079,False,0.47678207582795656,True,True,False
Baby food,Asymmetric short run,0.00430146309970559,False,0.9989651479555194,True,8.99907407553465e-104,1.9976764404806358,12.953792903461396,False,0.43314801196665986,True,False,False
Bread and bakery products,Asymmetric short run,0.23228143716375932,True,0.25869132433325115,True,0.018076725102709645,0.5430578624355538,3.8752786231405705,False,0.6750037100496571,True,True,False
Breakfast cereals,Asymmetric short run,0.16980300590022082,True,0.5029869348253784,True,1.3200601084776535e-09,0.1319529325027686,6.137413956083305,False,0.18679831451490833,True,True,False
Cereals,Asymmetric short run,0.6133129850407114,True,0.3246879344714569,True,0.00016356377310059527,0.6649577040128499,4.567923223551962,False,0.47944471568626124,True,True,False
Cheese,Asymmetric short run,0.31401537051424216,True,0.33198954667261477,True,0.787367404747364,0.12042857630086683,2.759384424830496,True,0.06508236408667736,True,True,True
"Chocolate, cocoa, and cocoa-based food products",Asymmetric short run,0.07210729734889859,True,0.10671947136859547,True,0.46219019729318067,0.2980692574728555,3.1371664975433453,True,0.08234459749364037,True,True,True
Coffee and coffee substitutes,Asymmetric short run,0.3270884089127608,True,0.785077046693212,True,1.8946804116790896e-07,0.9089184178814307,5.049502618666106,False,0.09619348665474653,True,True,False
"Dates, figs and tropical fruits, fresh",Asymmetric short run,0.13943051322611844,True,0.7017513848939252,True,0.01870363633340882,-0.5870882214927677,3.7419837568149537,False,0.9632419908584238,True,True,False
Eggs,Asymmetric short run,0.2914305152356968,True,0.9998608217762027,True,1.5133755273546923e-213,2.366971858951142,17.669121508214147,False,0.6208239736453769,True,True,False
Fish,Asymmetric short run,0.1741826102776271,True,0.28915395835478847,True,0.15594440910592428,0.47294251546844657,2.920791650606183,True,0.24252640485209653,True,True,True
Fish preparations,Asymmetric short run,0.2940063196181049,True,0.2324429438913644,True,0.36385040870930246,-0.3268815997104352,3.2505624451365707,True,0.9117281008697389,True,True,True
Flour of cereals,Asymmetric short run,0.10341385415569881,True,0.13325019811844144,True,0.1149337669378978,0.0662220190656185,4.015568524648857,True,0.5866629641240515,True,True,True
Fruit and nuts ground and other preparations,Asymmetric short run,0.24530605534159475,True,0.9908432436474082,True,6.075825138943019e-07,0.25859371517205443,5.583124205840316,False,0.6605712602305623,True,True,False
Fruit and vegetable juices,Asymmetric short run,0.018568736410865077,False,0.9999540886265021,True,7.62331777315496e-89,-1.4231928425454268,12.50122592906276,False,0.8268431197027224,True,False,False
"Fruit-bearing vegetables, fresh or chilled",Asymmetric short run,0.036195425835375154,False,0.6011105693539169,True,0.6876873129202237,-0.13770103656209132,2.674898219190304,True,0.812800811032948,True,False,False
"Ice, ice cream and sorbet",Asymmetric short run,0.17191579118952452,True,0.9788876586114515,True,0.8420834660276979,-0.1300327046847444,3.1252991203738403,True,0.27822339019360065,True,True,True
"Leafy or stem vegetables, fresh or chilled",Asymmetric short run,0.9242733527888571,True,0.7858086784906846,True,0.8111576026465752,-0.10132830233527705,2.754224386695476,True,0.8302992411922154,True,True,True
"Macaroni, noodles, couscous and similar pasta products",Asymmetric short run,0.0008961044815140986,False,0.27806071871790444,True,2.198224984538478e-06,0.764165764555,4.99517946257996,False,0.9447784522036791,True,False,False
Margarine and similar preparations,Asymmetric short run,0.08894322041468469,True,0.31407051734159663,True,0.17192149525006153,0.36259750567079874,3.572514912378267,True,0.09474673204835926,True,True,True
"Meat , dried, salted, in brine or smoked",Asymmetric short run,0.18575567660355816,True,0.540781825578228,True,0.3539409143278425,0.07509076286218123,3.6935570681386496,True,0.2275474873742788,True,True,True
"Meat, fresh, chilled or frozen",Asymmetric short run,0.41308979448486893,True,0.047759007197314594,False,2.510472906517646e-05,0.9344789132628172,4.281691098057287,False,0.6759251686877439,True,False,False
"Meat, offal, blood and other parts of slaughtered animals preparations",Asymmetric short run,0.5454533343993904,True,0.5514655418342962,True,2.1213589590238847e-49,1.3223405658602176,9.880760702660023,False,0.5156811604737056,True,True,False
Milk,Asymmetric short run,0.08787947364484591,True,0.011301491967955785,False,0.3949773727599867,0.16124824075455366,3.588544620966146,True,0.5555854281499593,True,False,False
Milk-based desserts and beverages,Asymmetric short run,0.15631686989928942,True,0.5709214167046572,True,0.006000788582258488,-0.5208042743156888,4.181300439615971,False,0.3020122469729707,True,True,False
"Nut puree, nut butter and nut pastes",Asymmetric short run,0.06132597444703794,True,0.9929355543212691,True,0.00211083996137878,0.5399526549686303,4.349368633593445,False,0.8609956672288087,True,True,False
"Offal, blood and other parts of slaughtered animals",Asymmetric short run,0.5923167105241347,True,0.8624659570667139,True,4.358860643540876e-48,1.704394416900219,9.422911680022212,False,0.21856451153929246,True,True,False
Other food products n.e.c.,Asymmetric short run,0.03193054041337107,False,0.20403454371340496,True,0.00012089371808560576,0.37970667284779097,4.948567425626762,False,0.05620467486468495,True,False,False
"Other fruits, fresh",Asymmetric short run,0.36705210266753807,True,0.5507735453257083,True,0.0001326217827923976,0.37107381731811373,4.943694582765333,False,0.8755996836328169,True,True,False
Other milk and cream,Asymmetric short run,0.2250927604606343,True,0.42790114253600214,True,0.3832144913218618,0.033273769135827164,3.678689104125268,True,0.48497318030292375,True,True,True
Other non-alcoholic beverages,Asymmetric short run,0.10461999602189742,True,0.2619203636670816,True,0.17162062845909706,0.44634481808682386,3.2400741193282734,True,0.44304007742752366,True,True,True
"Other sugar, confectionery and dessert",Asymmetric short run,0.26614630727028415,True,0.999773362153121,True,5.658408131492897e-87,1.3282039959327052,12.446184984220476,False,0.17161603013291,True,True,False
"Other vegetables, fresh or chilled",Asymmetric short run,0.6597526240301543,True,0.0017334707325345753,False,0.12512371698374977,0.24327870041197627,3.8780639736930316,True,0.9225405157347015,True,False,False
Pulses,Asymmetric short run,0.17771431187075684,True,0.663460288108151,True,0.38555025193103737,0.18311629327798618,3.572690928392938,True,0.42602449071653775,True,True,True
Ready-made food,Asymmetric short run,0.28422409272021726,True,0.24244127840191065,True,0.45070089195751206,0.30694737406741696,3.097641705077229,True,0.06899565798294952,True,True,True
"Salt, condiments and sauces",Asymmetric short run,0.21431650039003822,True,0.9643888776805815,True,0.03609732409477745,0.3670642991230925,4.03513147020149,False,0.8173393541570844,True,True,False
Soft drinks,Asymmetric short run,0.10834236258621432,True,0.8477007669998569,True,8.737000271283812e-35,1.6620948215245965,8.19355301877497,False,0.847819270084125,True,True,False
"Spices, culinary herbs and seeds",Asymmetric short run,0.8361788410864073,True,0.6969525136235499,True,0.20858706260063684,0.1122529760202751,3.8423467164392147,True,0.23969057425363818,True,True,True
"Stone fruits and pome fruits, fresh",Asymmetric short run,0.19525589410974906,True,0.6775157909337661,True,0.11195158078804915,0.44360218765359105,3.523961545294074,True,0.7409957415739732,True,True,True
Sugar,Asymmetric short run,0.9327796532582018,True,0.9942568036906697,True,2.7012077423401545e-47,1.57596204267695,9.484952668357018,False,0.9247466769466605,True,True,False
Tea and other plant products for infusion,Asymmetric short run,0.6264197327377596,True,0.2903115549123084,True,0.2730441226254362,0.35927697529631136,3.336262761216975,True,0.7943208636783143,True,True,True
Tubers,Asymmetric short run,0.01857299452103957,False,0.5030988131548613,True,0.0001038236379084212,0.2522068208457468,5.047679967143791,False,0.5387721433237234,True,False,False
Vegetable oils,Asymmetric short run,0.5084714099697922,True,0.005552242616419535,False,3.383514452686114e-19,0.4980285709308179,7.430414662561146,False,0.2842358427865041,True,False,False
Vegetables and pulses ground and other preparations,Asymmetric short run,0.5777656043854964,True,0.3743881867897036,True,0.19544820038756883,0.40622268003638073,3.362530334224293,True,0.3419818265520492,True,True,True
"Vegetables, tubers, plantains and cooking bananas, frozen",Asymmetric short run,0.4796404733006189,True,0.9439598443650777,True,0.4870638637077548,-0.08451613926752911,3.565869868624446,True,0.15721067574393874,True,True,True
Water,Asymmetric short run,0.7661739947051143,True,0.7102410536552983,True,0.01906152768468256,-0.1922467205599963,4.3312419573261955,False,0.6127159756634563,True,True,False
Yoghurt and similar products,Asymmetric short run,0.07763198423254636,True,0.5383236127995494,True,1.4045054004602962e-10,0.868999960421246,5.824660926588023,False,0.4229186976822061,True,True,False
