SubclassDescription,Model,Adjustment_Coefficient,Standard_Error,P_Value,Lower_95pct,Upper_95pct,Monthly_Adjustment_Pct,Stable_Adjustment
"Chocolate, cocoa, and cocoa-based food products",ARDL,-0.008388529679723436,0.007680495992223155,0.2778740031939051,-0.02366203825702659,0.006884978897579717,0.8388529679723435,False
"Other vegetables, fresh or chilled",ARDL,-0.06698223721150319,0.0188132126170124,0.0006160628842158903,-0.10440096044262476,-0.029563513980381616,6.698223721150319,True
Yoghurt and similar products,ARDL,-0.04638419851782515,0.012116980152325364,0.000249635527462528,-0.07048438469798102,-0.02228401233766929,4.6384198517825155,True
Cereals,NARDL,-0.06616171634958319,0.02054333498608209,0.0018500386752776134,-0.10704425585596186,-0.025279176843204514,6.616171634958319,True
"Chocolate, cocoa, and cocoa-based food products",NARDL,-0.027134741261439266,0.013296674929853635,0.04449628181483097,-0.05358606344760973,-0.0006834190752688062,2.7134741261439266,True
"Dates, figs and tropical fruits, fresh",NARDL,-0.22781160941378426,0.06908098860624907,0.0014490145726276176,-0.36526110765452013,-0.09036211117304838,22.781160941378424,True
"Fruit-bearing vegetables, fresh or chilled",NARDL,-0.34686270180976136,0.0899625918406015,0.0002358776221007414,-0.5259644640783254,-0.16776093954119736,34.68627018097614,True
"Other vegetables, fresh or chilled",NARDL,-0.10917231386996143,0.026888739078856472,0.00011251644516687366,-0.1626724702701633,-0.05567215746975956,10.917231386996143,True
Yoghurt and similar products,NARDL,-0.12857266905883297,0.0321055101064666,0.00013693290034896686,-0.19245256342527695,-0.064692774692389,12.857266905883296,True
