SubclassDescription,Model,HAC_Adjustment_Coefficient,HAC_Standard_Error,HAC_P_Value,HAC_Lower_95pct,HAC_Upper_95pct,HAC_Stable_Adjustment
"Chocolate, cocoa, and cocoa-based food products",ARDL,-0.008388529679723436,0.008447983537550318,0.32358006826795305,-0.02518827140894764,0.00841121204950077,False
"Other vegetables, fresh or chilled",ARDL,-0.06698223721150319,0.029423494906352297,0.02539124872130976,-0.12550438517242668,-0.008460089250579714,True
Yoghurt and similar products,ARDL,-0.04638419851782515,0.011847756205288678,0.00018456328861365742,-0.06994890909546503,-0.02281948794018527,True
Cereals,NARDL,-0.06616171634958319,0.015666095039590915,6.326002471258716e-05,-0.09733823904176879,-0.03498519365739759,True
"Chocolate, cocoa, and cocoa-based food products",NARDL,-0.027134741261439266,0.009274624715416128,0.00444437853378891,-0.04558492431829407,-0.008684558204584466,True
"Dates, figs and tropical fruits, fresh",NARDL,-0.22781160941378426,0.0650856981929001,0.0007588237346360945,-0.3573117329608412,-0.0983114858667273,True
"Fruit-bearing vegetables, fresh or chilled",NARDL,-0.34686270180976136,0.07188525694714526,6.806442949673291e-06,-0.4899752548937607,-0.203750148725762,True
"Other vegetables, fresh or chilled",NARDL,-0.10917231386996143,0.03341295878867399,0.001593394121178498,-0.17565362099801518,-0.04269100674190769,True
Yoghurt and similar products,NARDL,-0.12857266905883297,0.03668674670138183,0.0007479600652421941,-0.20156778722270002,-0.05557755089496591,True
