SubclassDescription,Model,Bounds_Statistic,Final_Decision,HAC_Adjustment_Coefficient,HAC_P_Value,HAC_Stable_Adjustment,No_Serial_Correlation,No_ARCH_Effects,Normal_Residuals,Stable_Parameters,Passed_Core_Diagnostics,Passed_All_Diagnostics,HAC_Holm_Asymmetry,Corrected_Long_Run_Asymmetry,Valid_Long_Run_Model,Evidence_Classification,Inference_Caution
"Chocolate, cocoa, and cocoa-based food products",ARDL,7.502410626276004,Cointegration,-0.008388529679723436,0.32358006826795305,False,True,True,True,True,True,True,,False,False,Bounds evidence without stable adjustment,None
"Other vegetables, fresh or chilled",ARDL,7.372385536214139,Cointegration,-0.06698223721150319,0.02539124872130976,True,True,True,False,True,True,False,,False,True,Symmetric long-run relationship,Non-normal residuals; HAC inference used
Yoghurt and similar products,ARDL,7.2955989314085885,Cointegration,-0.04638419851782515,0.00018456328861365742,True,True,True,False,True,True,False,,False,True,Symmetric long-run relationship,Non-normal residuals; HAC inference used
Cereals,NARDL,6.620569708028275,Cointegration,-0.06616171634958319,6.326002471258716e-05,True,True,True,True,True,True,True,False,False,True,NARDL relationship without corrected asymmetry,None
"Chocolate, cocoa, and cocoa-based food products",NARDL,6.235160100546159,Cointegration,-0.027134741261439266,0.00444437853378891,True,True,True,True,True,True,True,False,False,True,NARDL relationship without corrected asymmetry,None
"Dates, figs and tropical fruits, fresh",NARDL,9.173770090621211,Cointegration,-0.22781160941378426,0.0007588237346360945,True,True,True,True,True,True,True,False,False,True,NARDL relationship without corrected asymmetry,None
"Fruit-bearing vegetables, fresh or chilled",NARDL,8.34641237348687,Cointegration,-0.34686270180976136,6.806442949673291e-06,True,True,True,True,True,True,True,True,True,True,Asymmetric long-run relationship,None
"Other vegetables, fresh or chilled",NARDL,7.406674454343001,Cointegration,-0.10917231386996143,0.001593394121178498,True,True,True,False,True,True,False,False,False,True,NARDL relationship without corrected asymmetry,Non-normal residuals; HAC inference used
Yoghurt and similar products,NARDL,7.181472355416677,Cointegration,-0.12857266905883297,0.0007479600652421941,True,True,True,False,True,True,False,True,True,True,Asymmetric long-run relationship,Non-normal residuals; HAC inference used
